Фильм 1;1975;Триллер;118;Средний фильм
Фильм 2;1905;Триллер;144;Средний фильм
Фильм 3;1947;Комедия;80;Хороший фильм
Фильм 4;1906;Ужасы;160;Скучный фильм
Фильм 5;1947;Комедия;30;Скучный фильм
Фильм 6;1984;Комедия;124;Средний фильм
Фильм 7;1931;Ужасы;112;Средний фильм
Фильм 8;1997;Триллер;150;Средний фильм
Фильм 9;1969;Комедия;82;Скучный фильм
Фильм 10;1912;Документальное;168;Средний фильм
Фильм 11;1939;Документальное;65;Хороший фильм
Фильм 12;1960;Триллер;47;Скучный фильм
Фильм 13;1965;Комедия;67;Средний фильм
Фильм 14;1954;Боевик;176;Средний фильм
Фильм 15;1994;Боевик;30;Средний фильм
Фильм 16;2007;Триллер;108;Скучный фильм
Фильм 17;1988;Документальное;159;Средний фильм
Фильм 18;1974;Ужасы;31;Средний фильм
Фильм 19;1936;Документальное;67;Скучный фильм
Фильм 20;2018;Документальное;107;Средний фильм
Фильм 21;1999;Комедия;20;Средний фильм
Фильм 22;1938;Триллер;64;Хороший фильм
Фильм 23;1930;Триллер;123;Скучный фильм
Фильм 24;1964;Документальное;91;Скучный фильм
Фильм 25;1975;Комедия;127;Скучный фильм
Фильм 26;1974;Боевик;63;Средний фильм
Фильм 27;2010;Боевик;82;Скучный фильм
Фильм 28;1920;Документальное;50;Хороший фильм
Фильм 29;1932;Комедия;146;Средний фильм
Фильм 30;1924;Документальное;34;Скучный фильм
Фильм 31;1922;Триллер;18;Скучный фильм
Фильм 32;1970;Триллер;62;Скучный фильм
Фильм 33;1908;Ужасы;19;Средний фильм
Фильм 34;1921;Документальное;161;Хороший фильм
Фильм 35;1936;Ужасы;83;Скучный фильм
Фильм 36;1946;Документальное;172;Скучный фильм
Фильм 37;1982;Ужасы;74;Хороший фильм
Фильм 38;1973;Документальное;54;Хороший фильм
Фильм 39;2020;Документальное;106;Хороший фильм
Фильм 40;1903;Боевик;93;Скучный фильм
Фильм 41;2012;Ужасы;55;Хороший фильм
Фильм 42;1957;Комедия;154;Хороший фильм
Фильм 43;1982;Комедия;154;Хороший фильм
Фильм 44;1950;Триллер;123;Хороший фильм
Фильм 45;2014;Боевик;150;Средний фильм
Фильм 46;1953;Комедия;121;Скучный фильм
Фильм 47;1914;Комедия;134;Хороший фильм
Фильм 48;1963;Ужасы;65;Средний фильм
Фильм 49;2018;Документальное;111;Средний фильм
Фильм 50;1911;Комедия;45;Хороший фильм
Фильм 51;1906;Триллер;26;Скучный фильм
Фильм 52;1988;Комедия;29;Скучный фильм
Фильм 53;1963;Документальное;32;Хороший фильм
Фильм 54;2009;Боевик;111;Скучный фильм
Фильм 55;1945;Комедия;158;Средний фильм
Фильм 56;1920;Документальное;60;Скучный фильм
Фильм 57;1912;Комедия;63;Скучный фильм
Фильм 58;1979;Боевик;131;Хороший фильм
Фильм 59;1926;Комедия;120;Хороший фильм
Фильм 60;1998;Боевик;162;Хороший фильм
Фильм 61;1939;Ужасы;117;Скучный фильм
Фильм 62;1987;Ужасы;162;Средний фильм
Фильм 63;1970;Документальное;42;Хороший фильм
Фильм 64;1963;Ужасы;140;Хороший фильм
Фильм 65;1986;Триллер;167;Средний фильм
Фильм 66;1976;Ужасы;168;Скучный фильм
Фильм 67;2017;Ужасы;169;Хороший фильм
Фильм 68;2003;Комедия;164;Средний фильм
Фильм 69;1986;Боевик;45;Хороший фильм
Фильм 70;1974;Документальное;113;Скучный фильм
Фильм 71;1952;Ужасы;164;Средний фильм
Фильм 72;2005;Комедия;165;Средний фильм
Фильм 73;1955;Ужасы;158;Средний фильм
Фильм 74;1949;Комедия;73;Скучный фильм
Фильм 75;1980;Комедия;19;Средний фильм
Фильм 76;1976;Комедия;121;Хороший фильм
Фильм 77;1999;Ужасы;54;Средний фильм
Фильм 78;2020;Документальное;139;Хороший фильм
Фильм 79;1970;Комедия;177;Хороший фильм
Фильм 80;1991;Комедия;153;Скучный фильм
Фильм 81;1913;Боевик;50;Хороший фильм
Фильм 82;1979;Триллер;161;Средний фильм
Фильм 83;2004;Боевик;147;Скучный фильм
Фильм 84;1977;Триллер;37;Средний фильм
Фильм 85;1912;Ужасы;57;Хороший фильм
Фильм 86;2011;Комедия;107;Средний фильм
Фильм 87;1903;Триллер;118;Скучный фильм
Фильм 88;1990;Документальное;175;Скучный фильм
Фильм 89;1990;Документальное;139;Средний фильм
Фильм 90;2004;Ужасы;108;Хороший фильм
Фильм 91;1949;Комедия;71;Скучный фильм
Фильм 92;1962;Ужасы;162;Скучный фильм
Фильм 93;1916;Документальное;88;Хороший фильм
Фильм 94;1935;Триллер;121;Хороший фильм
Фильм 95;1988;Боевик;82;Средний фильм
Фильм 96;1953;Триллер;137;Средний фильм
Фильм 97;1925;Комедия;70;Хороший фильм
Фильм 98;1929;Документальное;104;Скучный фильм
Фильм 99;1972;Комедия;102;Хороший фильм
Фильм 100;1979;Триллер;53;Средний фильм
Фильм 101;1982;Боевик;125;Хороший фильм
Фильм 102;1944;Ужасы;133;Скучный фильм
Фильм 103;1958;Комедия;98;Средний фильм
Фильм 104;1992;Ужасы;92;Средний фильм
Фильм 105;1990;Триллер;78;Скучный фильм
Фильм 106;1987;Документальное;59;Средний фильм
Фильм 107;1987;Боевик;170;Скучный фильм
Фильм 108;1916;Боевик;145;Скучный фильм
Фильм 109;2017;Документальное;119;Хороший фильм
Фильм 110;1946;Триллер;76;Скучный фильм
Фильм 111;2019;Боевик;41;Хороший фильм
Фильм 112;1955;Боевик;104;Скучный фильм
Фильм 113;2015;Документальное;140;Скучный фильм
Фильм 114;1945;Боевик;15;Хороший фильм
Фильм 115;1992;Ужасы;171;Хороший фильм
Фильм 116;1999;Триллер;60;Средний фильм
Фильм 117;1929;Комедия;71;Хороший фильм
Фильм 118;1970;Боевик;45;Скучный фильм
Фильм 119;1932;Комедия;93;Скучный фильм
Фильм 120;2009;Документальное;143;Средний фильм
Фильм 121;2015;Документальное;140;Средний фильм
Фильм 122;2010;Комедия;94;Скучный фильм
Фильм 123;1950;Триллер;31;Хороший фильм
Фильм 124;1999;Триллер;104;Средний фильм
Фильм 125;1974;Ужасы;137;Хороший фильм
Фильм 126;1947;Ужасы;24;Скучный фильм
Фильм 127;1929;Ужасы;74;Скучный фильм
Фильм 128;1907;Ужасы;34;Скучный фильм
Фильм 129;1998;Комедия;93;Средний фильм
Фильм 130;1970;Комедия;167;Хороший фильм
Фильм 131;1937;Боевик;139;Скучный фильм
Фильм 132;1907;Ужасы;154;Скучный фильм
Фильм 133;1904;Ужасы;129;Средний фильм
Фильм 134;2007;Триллер;149;Скучный фильм
Фильм 135;1974;Комедия;149;Средний фильм
Фильм 136;1999;Документальное;99;Хороший фильм
Фильм 137;1927;Боевик;69;Средний фильм
Фильм 138;1926;Ужасы;50;Хороший фильм
Фильм 139;1960;Триллер;167;Хороший фильм
Фильм 140;1929;Боевик;74;Скучный фильм
Фильм 141;1980;Документальное;38;Хороший фильм
Фильм 142;1961;Боевик;20;Средний фильм
Фильм 143;2019;Боевик;83;Хороший фильм
Фильм 144;1957;Ужасы;24;Средний фильм
Фильм 145;1954;Триллер;161;Хороший фильм
Фильм 146;1971;Боевик;81;Средний фильм
Фильм 147;1925;Комедия;85;Средний фильм
Фильм 148;2015;Документальное;176;Хороший фильм
Фильм 149;1947;Документальное;103;Хороший фильм
Фильм 150;2019;Боевик;38;Средний фильм
Фильм 151;1925;Ужасы;24;Хороший фильм
Фильм 152;1960;Боевик;87;Средний фильм
Фильм 153;1955;Комедия;167;Хороший фильм
Фильм 154;2018;Комедия;77;Скучный фильм
Фильм 155;2000;Триллер;55;Средний фильм
Фильм 156;1908;Триллер;68;Хороший фильм
Фильм 157;1977;Боевик;104;Скучный фильм
Фильм 158;1973;Ужасы;140;Хороший фильм
Фильм 159;1900;Комедия;174;Скучный фильм
Фильм 160;1970;Комедия;106;Хороший фильм
Фильм 161;1947;Документальное;135;Скучный фильм
Фильм 162;1900;Триллер;160;Средний фильм
Фильм 163;1915;Ужасы;39;Скучный фильм
Фильм 164;1949;Боевик;20;Скучный фильм
Фильм 165;1951;Документальное;174;Хороший фильм
Фильм 166;1972;Ужасы;61;Хороший фильм
Фильм 167;2000;Документальное;165;Хороший фильм
Фильм 168;2008;Документальное;82;Скучный фильм
Фильм 169;1925;Боевик;123;Средний фильм
Фильм 170;1985;Триллер;126;Средний фильм
Фильм 171;1994;Боевик;105;Средний фильм
Фильм 172;1973;Документальное;63;Средний фильм
Фильм 173;1980;Документальное;167;Средний фильм
Фильм 174;2011;Триллер;134;Скучный фильм
Фильм 175;2019;Боевик;139;Скучный фильм
Фильм 176;1971;Ужасы;66;Средний фильм
Фильм 177;1978;Боевик;172;Хороший фильм
Фильм 178;2010;Боевик;23;Скучный фильм
Фильм 179;1908;Боевик;124;Скучный фильм
Фильм 180;1935;Боевик;116;Средний фильм
Фильм 181;1983;Триллер;65;Скучный фильм
Фильм 182;1916;Триллер;150;Хороший фильм
Фильм 183;1900;Ужасы;39;Скучный фильм
Фильм 184;1972;Документальное;52;Хороший фильм
Фильм 185;1945;Документальное;147;Средний фильм
Фильм 186;1993;Документальное;100;Скучный фильм
Фильм 187;2008;Документальное;155;Средний фильм
Фильм 188;1955;Ужасы;154;Средний фильм
Фильм 189;1911;Боевик;84;Средний фильм
Фильм 190;1982;Триллер;72;Хороший фильм
Фильм 191;1926;Ужасы;106;Средний фильм
Фильм 192;1977;Ужасы;92;Средний фильм
Фильм 193;1950;Документальное;122;Хороший фильм
Фильм 194;1974;Документальное;143;Скучный фильм
Фильм 195;1903;Ужасы;56;Хороший фильм
Фильм 196;1913;Документальное;93;Скучный фильм
Фильм 197;1993;Боевик;175;Скучный фильм
Фильм 198;1938;Боевик;136;Хороший фильм
Фильм 199;1981;Триллер;98;Хороший фильм
Фильм 200;1960;Ужасы;110;Хороший фильм
Фильм 201;2002;Документальное;138;Скучный фильм
Фильм 202;1904;Комедия;170;Средний фильм
Фильм 203;1966;Документальное;119;Хороший фильм
Фильм 204;1922;Триллер;39;Хороший фильм
Фильм 205;1924;Ужасы;51;Скучный фильм
Фильм 206;1997;Боевик;162;Средний фильм
Фильм 207;1925;Ужасы;26;Средний фильм
Фильм 208;1964;Ужасы;95;Средний фильм
Фильм 209;1984;Документальное;175;Скучный фильм
Фильм 210;1925;Комедия;178;Хороший фильм
Фильм 211;1977;Триллер;107;Скучный фильм
Фильм 212;1980;Ужасы;87;Средний фильм
Фильм 213;1903;Боевик;84;Средний фильм
Фильм 214;2008;Ужасы;65;Скучный фильм
Фильм 215;2002;Документальное;117;Средний фильм
Фильм 216;1953;Документальное;167;Средний фильм
Фильм 217;1918;Боевик;158;Скучный фильм
Фильм 218;1961;Ужасы;97;Скучный фильм
Фильм 219;1968;Триллер;134;Хороший фильм
Фильм 220;2018;Комедия;160;Скучный фильм
Фильм 221;2000;Документальное;98;Средний фильм
Фильм 222;1961;Боевик;76;Средний фильм
Фильм 223;1945;Боевик;151;Скучный фильм
Фильм 224;1937;Ужасы;25;Средний фильм
Фильм 225;2017;Триллер;177;Хороший фильм
Фильм 226;1936;Комедия;112;Скучный фильм
Фильм 227;2005;Комедия;110;Скучный фильм
Фильм 228;1981;Триллер;59;Хороший фильм
Фильм 229;1923;Ужасы;17;Скучный фильм
Фильм 230;1928;Ужасы;15;Хороший фильм
Фильм 231;1930;Триллер;163;Скучный фильм
Фильм 232;2005;Ужасы;86;Средний фильм
Фильм 233;1917;Комедия;85;Хороший фильм
Фильм 234;1904;Триллер;41;Скучный фильм
Фильм 235;2012;Триллер;52;Хороший фильм
Фильм 236;1934;Ужасы;38;Хороший фильм
Фильм 237;1901;Комедия;66;Скучный фильм
Фильм 238;2020;Ужасы;89;Скучный фильм
Фильм 239;1981;Комедия;31;Средний фильм
Фильм 240;2019;Боевик;22;Скучный фильм
Фильм 241;2002;Ужасы;121;Средний фильм
Фильм 242;1973;Триллер;73;Скучный фильм
Фильм 243;1977;Боевик;98;Хороший фильм
Фильм 244;1957;Документальное;115;Хороший фильм
Фильм 245;1905;Боевик;173;Скучный фильм
Фильм 246;1903;Документальное;81;Хороший фильм
Фильм 247;2018;Ужасы;91;Скучный фильм
Фильм 248;1959;Комедия;154;Средний фильм
Фильм 249;1974;Документальное;99;Средний фильм
Фильм 250;2010;Документальное;55;Скучный фильм
Фильм 251;1950;Документальное;81;Средний фильм
Фильм 252;1957;Документальное;72;Скучный фильм
Фильм 253;1982;Триллер;93;Хороший фильм
Фильм 254;1912;Документальное;71;Хороший фильм
Фильм 255;1931;Документальное;150;Хороший фильм
Фильм 256;1917;Комедия;66;Средний фильм
Фильм 257;1988;Комедия;121;Хороший фильм
Фильм 258;1982;Ужасы;155;Средний фильм
Фильм 259;1956;Документальное;123;Средний фильм
Фильм 260;1979;Триллер;161;Средний фильм
Фильм 261;1906;Комедия;47;Хороший фильм
Фильм 262;2012;Документальное;32;Хороший фильм
Фильм 263;1922;Боевик;18;Средний фильм
Фильм 264;2012;Документальное;83;Хороший фильм
Фильм 265;2017;Комедия;167;Скучный фильм
Фильм 266;1969;Документальное;64;Средний фильм
Фильм 267;1929;Триллер;116;Средний фильм
Фильм 268;1961;Комедия;37;Скучный фильм
Фильм 269;1935;Триллер;100;Средний фильм
Фильм 270;2014;Боевик;138;Хороший фильм
Фильм 271;1920;Боевик;90;Скучный фильм
Фильм 272;1972;Боевик;133;Скучный фильм
Фильм 273;1957;Комедия;73;Хороший фильм
Фильм 274;1961;Документальное;70;Хороший фильм
Фильм 275;1922;Ужасы;78;Хороший фильм
Фильм 276;1986;Комедия;45;Хороший фильм
Фильм 277;1909;Триллер;64;Хороший фильм
Фильм 278;1924;Документальное;117;Средний фильм
Фильм 279;1983;Документальное;145;Хороший фильм
Фильм 280;1948;Комедия;148;Скучный фильм
Фильм 281;2011;Документальное;27;Средний фильм
Фильм 282;1927;Документальное;18;Скучный фильм
Фильм 283;1987;Триллер;45;Скучный фильм
Фильм 284;1971;Ужасы;63;Средний фильм
Фильм 285;1957;Ужасы;108;Скучный фильм
Фильм 286;1973;Ужасы;134;Хороший фильм
Фильм 287;2013;Триллер;173;Средний фильм
Фильм 288;1913;Триллер;172;Средний фильм
Фильм 289;1900;Триллер;132;Средний фильм
Фильм 290;1920;Комедия;127;Хороший фильм
Фильм 291;1963;Боевик;176;Средний фильм
Фильм 292;1986;Боевик;48;Средний фильм
Фильм 293;2015;Ужасы;83;Средний фильм
Фильм 294;1946;Комедия;62;Скучный фильм
Фильм 295;1980;Ужасы;82;Хороший фильм
Фильм 296;1939;Боевик;179;Средний фильм
Фильм 297;1907;Комедия;165;Скучный фильм
Фильм 298;1963;Боевик;41;Скучный фильм
Фильм 299;2015;Триллер;70;Средний фильм
Фильм 300;1998;Триллер;120;Средний фильм
Фильм 301;1986;Боевик;53;Средний фильм
Фильм 302;1991;Боевик;116;Средний фильм
Фильм 303;1935;Документальное;117;Скучный фильм
Фильм 304;2015;Документальное;97;Хороший фильм
Фильм 305;1904;Ужасы;39;Средний фильм
Фильм 306;1966;Комедия;55;Средний фильм
Фильм 307;2000;Ужасы;108;Хороший фильм
Фильм 308;2013;Триллер;33;Средний фильм
Фильм 309;1926;Ужасы;34;Средний фильм
Фильм 310;2014;Триллер;43;Средний фильм
Фильм 311;1935;Триллер;151;Хороший фильм
Фильм 312;1902;Ужасы;42;Средний фильм
Фильм 313;1973;Ужасы;147;Хороший фильм
Фильм 314;1924;Ужасы;84;Средний фильм
Фильм 315;1950;Комедия;29;Хороший фильм
Фильм 316;1999;Документальное;168;Хороший фильм
Фильм 317;2020;Триллер;107;Скучный фильм
Фильм 318;1939;Боевик;170;Средний фильм
Фильм 319;1995;Боевик;18;Скучный фильм
Фильм 320;1979;Боевик;96;Скучный фильм
Фильм 321;1981;Комедия;91;Средний фильм
Фильм 322;2012;Комедия;147;Средний фильм
Фильм 323;1981;Комедия;20;Хороший фильм
Фильм 324;1967;Ужасы;95;Средний фильм
Фильм 325;1986;Документальное;76;Скучный фильм
Фильм 326;2014;Комедия;178;Хороший фильм
Фильм 327;1950;Ужасы;51;Скучный фильм
Фильм 328;1944;Ужасы;122;Скучный фильм
Фильм 329;2020;Документальное;93;Средний фильм
Фильм 330;1992;Документальное;76;Хороший фильм
Фильм 331;1985;Боевик;40;Хороший фильм
Фильм 332;1956;Ужасы;145;Скучный фильм
Фильм 333;1955;Документальное;161;Хороший фильм
Фильм 334;1920;Триллер;68;Хороший фильм
Фильм 335;1954;Комедия;167;Средний фильм
Фильм 336;1971;Триллер;124;Скучный фильм
Фильм 337;1913;Боевик;140;Средний фильм
Фильм 338;1980;Триллер;88;Скучный фильм
Фильм 339;1965;Документальное;166;Скучный фильм
Фильм 340;1932;Боевик;52;Скучный фильм
Фильм 341;1934;Документальное;79;Хороший фильм
Фильм 342;1982;Триллер;177;Скучный фильм
Фильм 343;1921;Триллер;163;Скучный фильм
Фильм 344;1950;Ужасы;146;Средний фильм
Фильм 345;1967;Боевик;160;Скучный фильм
Фильм 346;1912;Документальное;75;Средний фильм
Фильм 347;1913;Комедия;159;Хороший фильм
Фильм 348;1956;Ужасы;113;Хороший фильм
Фильм 349;1904;Ужасы;146;Скучный фильм
Фильм 350;1983;Боевик;77;Скучный фильм
Фильм 351;1956;Триллер;41;Хороший фильм
Фильм 352;1980;Триллер;50;Хороший фильм
Фильм 353;1930;Триллер;71;Средний фильм
Фильм 354;2005;Триллер;97;Хороший фильм
Фильм 355;1957;Документальное;65;Средний фильм
Фильм 356;2018;Документальное;83;Средний фильм
Фильм 357;1947;Боевик;110;Скучный фильм
Фильм 358;1944;Боевик;158;Хороший фильм
Фильм 359;1984;Комедия;51;Скучный фильм
Фильм 360;1911;Ужасы;162;Хороший фильм
Фильм 361;1924;Триллер;38;Средний фильм
Фильм 362;1923;Ужасы;83;Скучный фильм
Фильм 363;1939;Ужасы;28;Хороший фильм
Фильм 364;1907;Боевик;80;Средний фильм
Фильм 365;1918;Комедия;175;Хороший фильм
Фильм 366;1966;Ужасы;117;Хороший фильм
Фильм 367;1999;Триллер;109;Средний фильм
Фильм 368;2018;Боевик;139;Скучный фильм
Фильм 369;1947;Комедия;114;Хороший фильм
Фильм 370;1904;Ужасы;81;Скучный фильм
Фильм 371;1986;Документальное;143;Хороший фильм
Фильм 372;1951;Триллер;60;Скучный фильм
Фильм 373;1998;Боевик;81;Скучный фильм
Фильм 374;1989;Комедия;129;Средний фильм
Фильм 375;1990;Ужасы;91;Хороший фильм
Фильм 376;2001;Триллер;28;Хороший фильм
Фильм 377;1901;Ужасы;83;Хороший фильм
Фильм 378;1985;Комедия;36;Хороший фильм
Фильм 379;1908;Комедия;23;Скучный фильм
Фильм 380;1979;Документальное;146;Скучный фильм
Фильм 381;1942;Боевик;41;Средний фильм
Фильм 382;1932;Ужасы;77;Средний фильм
Фильм 383;2014;Триллер;160;Хороший фильм
Фильм 384;1957;Ужасы;43;Скучный фильм
Фильм 385;2003;Комедия;173;Средний фильм
Фильм 386;1983;Ужасы;121;Хороший фильм
Фильм 387;1947;Боевик;59;Скучный фильм
Фильм 388;2003;Документальное;21;Скучный фильм
Фильм 389;1933;Ужасы;70;Скучный фильм
Фильм 390;1993;Триллер;144;Скучный фильм
Фильм 391;1941;Боевик;145;Хороший фильм
Фильм 392;1929;Боевик;54;Скучный фильм
Фильм 393;2018;Ужасы;155;Средний фильм
Фильм 394;1986;Боевик;112;Средний фильм
Фильм 395;1994;Документальное;76;Хороший фильм
Фильм 396;1962;Документальное;162;Скучный фильм
Фильм 397;2014;Боевик;19;Хороший фильм
Фильм 398;2010;Триллер;129;Средний фильм
Фильм 399;1946;Боевик;119;Средний фильм
Фильм 400;1970;Триллер;110;Скучный фильм
Фильм 401;1979;Боевик;138;Средний фильм
Фильм 402;1911;Боевик;122;Средний фильм
Фильм 403;1918;Триллер;179;Скучный фильм
Фильм 404;1982;Ужасы;161;Средний фильм
Фильм 405;1912;Ужасы;136;Средний фильм
Фильм 406;1937;Боевик;119;Скучный фильм
Фильм 407;1956;Боевик;29;Средний фильм
Фильм 408;1990;Триллер;168;Хороший фильм
Фильм 409;1969;Ужасы;88;Скучный фильм
Фильм 410;1937;Триллер;63;Средний фильм
Фильм 411;1928;Триллер;157;Скучный фильм
Фильм 412;1943;Ужасы;42;Скучный фильм
Фильм 413;1983;Боевик;29;Средний фильм
Фильм 414;1991;Документальное;53;Хороший фильм
Фильм 415;1956;Комедия;25;Скучный фильм
Фильм 416;2006;Документальное;44;Средний фильм
Фильм 417;1922;Комедия;35;Хороший фильм
Фильм 418;2001;Документальное;130;Хороший фильм
Фильм 419;1999;Боевик;76;Хороший фильм
Фильм 420;1915;Триллер;150;Хороший фильм
Фильм 421;2007;Триллер;139;Хороший фильм
Фильм 422;1984;Ужасы;148;Скучный фильм
Фильм 423;1982;Комедия;168;Скучный фильм
Фильм 424;1929;Документальное;55;Скучный фильм
Фильм 425;1957;Документальное;176;Хороший фильм
Фильм 426;1931;Триллер;18;Средний фильм
Фильм 427;1927;Триллер;97;Хороший фильм
Фильм 428;1909;Комедия;77;Скучный фильм
Фильм 429;1952;Ужасы;119;Скучный фильм
Фильм 430;2011;Триллер;47;Средний фильм
Фильм 431;2011;Триллер;20;Скучный фильм
Фильм 432;1992;Ужасы;50;Скучный фильм
Фильм 433;1998;Документальное;175;Хороший фильм
Фильм 434;1967;Комедия;150;Хороший фильм
Фильм 435;1908;Ужасы;163;Скучный фильм
Фильм 436;2008;Ужасы;113;Скучный фильм
Фильм 437;1918;Комедия;59;Средний фильм
Фильм 438;1959;Комедия;156;Хороший фильм
Фильм 439;2000;Документальное;88;Хороший фильм
Фильм 440;1995;Комедия;142;Хороший фильм
Фильм 441;1922;Комедия;167;Хороший фильм
Фильм 442;1985;Боевик;144;Средний фильм
Фильм 443;1926;Триллер;63;Средний фильм
Фильм 444;1941;Триллер;95;Скучный фильм
Фильм 445;1993;Триллер;110;Хороший фильм
Фильм 446;1901;Ужасы;49;Скучный фильм
Фильм 447;1969;Документальное;169;Скучный фильм
Фильм 448;1912;Триллер;153;Скучный фильм
Фильм 449;1970;Триллер;148;Скучный фильм
Фильм 450;1964;Триллер;131;Средний фильм
Фильм 451;1907;Триллер;27;Средний фильм
Фильм 452;1999;Боевик;115;Хороший фильм
Фильм 453;2018;Ужасы;138;Средний фильм
Фильм 454;1906;Боевик;51;Хороший фильм
Фильм 455;1977;Боевик;55;Средний фильм
Фильм 456;1926;Боевик;92;Хороший фильм
Фильм 457;1984;Триллер;68;Средний фильм
Фильм 458;1992;Триллер;128;Средний фильм
Фильм 459;2019;Боевик;48;Хороший фильм
Фильм 460;1937;Документальное;109;Скучный фильм
Фильм 461;1986;Триллер;87;Хороший фильм
Фильм 462;2001;Ужасы;55;Средний фильм
Фильм 463;2019;Ужасы;110;Средний фильм
Фильм 464;2006;Боевик;19;Скучный фильм
Фильм 465;2003;Ужасы;130;Средний фильм
Фильм 466;1947;Документальное;116;Скучный фильм
Фильм 467;1914;Боевик;65;Хороший фильм
Фильм 468;1961;Документальное;150;Средний фильм
Фильм 469;1985;Триллер;47;Средний фильм
Фильм 470;1931;Триллер;35;Хороший фильм
Фильм 471;1949;Ужасы;69;Средний фильм
Фильм 472;1999;Триллер;109;Средний фильм
Фильм 473;1920;Триллер;137;Скучный фильм
Фильм 474;1926;Триллер;158;Средний фильм
Фильм 475;1936;Комедия;24;Хороший фильм
Фильм 476;1927;Ужасы;129;Средний фильм
Фильм 477;1937;Ужасы;43;Средний фильм
Фильм 478;1901;Ужасы;100;Средний фильм
Фильм 479;1913;Комедия;32;Скучный фильм
Фильм 480;2002;Ужасы;98;Хороший фильм
Фильм 481;2017;Боевик;41;Скучный фильм
Фильм 482;1989;Документальное;62;Хороший фильм
Фильм 483;1943;Комедия;148;Скучный фильм
Фильм 484;1903;Комедия;123;Средний фильм
Фильм 485;1964;Ужасы;19;Скучный фильм
Фильм 486;1915;Триллер;98;Средний фильм
Фильм 487;1978;Документальное;174;Скучный фильм
Фильм 488;1900;Ужасы;97;Хороший фильм
Фильм 489;1963;Документальное;34;Средний фильм
Фильм 490;1920;Триллер;78;Средний фильм
Фильм 491;1967;Триллер;88;Средний фильм
Фильм 492;1914;Триллер;156;Хороший фильм
Фильм 493;1942;Боевик;37;Средний фильм
Фильм 494;1974;Ужасы;81;Средний фильм
Фильм 495;2015;Триллер;166;Средний фильм
Фильм 496;1924;Триллер;119;Скучный фильм
Фильм 497;2008;Триллер;23;Средний фильм
Фильм 498;1999;Боевик;151;Скучный фильм
Фильм 499;1944;Боевик;100;Хороший фильм
Фильм 500;1963;Триллер;162;Средний фильм
Фильм 501;1928;Боевик;15;Средний фильм
Фильм 502;1957;Боевик;162;Хороший фильм
Фильм 503;1993;Документальное;121;Хороший фильм
Фильм 504;2010;Комедия;144;Средний фильм
Фильм 505;1921;Боевик;133;Скучный фильм
Фильм 506;1981;Ужасы;37;Скучный фильм
Фильм 507;1952;Триллер;117;Скучный фильм
Фильм 508;1953;Документальное;157;Хороший фильм
Фильм 509;2019;Триллер;173;Хороший фильм
Фильм 510;2005;Боевик;70;Средний фильм
Фильм 511;1926;Комедия;104;Средний фильм
Фильм 512;1928;Боевик;67;Средний фильм
Фильм 513;2007;Боевик;98;Скучный фильм
Фильм 514;1923;Ужасы;121;Скучный фильм
Фильм 515;2002;Боевик;179;Хороший фильм
Фильм 516;2010;Ужасы;114;Средний фильм
Фильм 517;1992;Триллер;32;Средний фильм
Фильм 518;1972;Боевик;73;Средний фильм
Фильм 519;1984;Документальное;169;Средний фильм
Фильм 520;1915;Документальное;171;Средний фильм
Фильм 521;1979;Ужасы;16;Средний фильм
Фильм 522;1952;Боевик;138;Скучный фильм
Фильм 523;1970;Комедия;85;Хороший фильм
Фильм 524;1987;Триллер;57;Хороший фильм
Фильм 525;1948;Триллер;93;Хороший фильм
Фильм 526;1996;Документальное;131;Средний фильм
Фильм 527;2018;Ужасы;111;Средний фильм
Фильм 528;2018;Комедия;167;Средний фильм
Фильм 529;1917;Ужасы;149;Скучный фильм
Фильм 530;1942;Документальное;69;Средний фильм
Фильм 531;1934;Ужасы;70;Хороший фильм
Фильм 532;1963;Триллер;19;Средний фильм
Фильм 533;2014;Триллер;93;Хороший фильм
Фильм 534;2009;Комедия;71;Средний фильм
Фильм 535;1967;Документальное;84;Хороший фильм
Фильм 536;1937;Комедия;83;Хороший фильм
Фильм 537;1929;Триллер;112;Средний фильм
Фильм 538;1950;Ужасы;99;Хороший фильм
Фильм 539;1928;Комедия;44;Скучный фильм
Фильм 540;1929;Ужасы;50;Скучный фильм
Фильм 541;1957;Документальное;112;Хороший фильм
Фильм 542;2003;Боевик;144;Хороший фильм
Фильм 543;1938;Документальное;110;Средний фильм
Фильм 544;2004;Комедия;44;Хороший фильм
Фильм 545;1957;Триллер;73;Средний фильм
Фильм 546;1949;Документальное;110;Средний фильм
Фильм 547;1971;Ужасы;25;Средний фильм
Фильм 548;1988;Документальное;96;Хороший фильм
Фильм 549;1914;Комедия;64;Скучный фильм
Фильм 550;1967;Комедия;125;Хороший фильм
Фильм 551;1939;Документальное;114;Хороший фильм
Фильм 552;2000;Триллер;87;Скучный фильм
Фильм 553;1981;Ужасы;27;Средний фильм
Фильм 554;1964;Комедия;55;Скучный фильм
Фильм 555;2008;Документальное;113;Средний фильм
Фильм 556;1980;Документальное;88;Хороший фильм
Фильм 557;1949;Комедия;55;Хороший фильм
Фильм 558;1972;Документальное;118;Скучный фильм
Фильм 559;1900;Триллер;173;Хороший фильм
Фильм 560;1947;Боевик;26;Средний фильм
Фильм 561;2012;Документальное;91;Средний фильм
Фильм 562;1989;Документальное;28;Хороший фильм
Фильм 563;1994;Документальное;22;Хороший фильм
Фильм 564;1979;Триллер;69;Хороший фильм
Фильм 565;1994;Документальное;132;Скучный фильм
Фильм 566;1921;Документальное;73;Средний фильм
Фильм 567;1955;Документальное;145;Средний фильм
Фильм 568;1957;Документальное;175;Скучный фильм
Фильм 569;1990;Комедия;19;Хороший фильм
Фильм 570;1935;Триллер;56;Средний фильм
Фильм 571;2019;Ужасы;126;Средний фильм
Фильм 572;1986;Триллер;33;Скучный фильм
Фильм 573;1950;Ужасы;59;Хороший фильм
Фильм 574;1942;Триллер;173;Хороший фильм
Фильм 575;1915;Комедия;165;Средний фильм
Фильм 576;1993;Триллер;140;Средний фильм
Фильм 577;1958;Ужасы;78;Скучный фильм
Фильм 578;1977;Ужасы;90;Хороший фильм
Фильм 579;1971;Боевик;81;Хороший фильм
Фильм 580;1996;Ужасы;139;Хороший фильм
Фильм 581;1932;Триллер;134;Средний фильм
Фильм 582;1955;Боевик;107;Скучный фильм
Фильм 583;1972;Ужасы;20;Хороший фильм
Фильм 584;1904;Триллер;116;Хороший фильм
Фильм 585;1901;Боевик;152;Скучный фильм
Фильм 586;1955;Ужасы;43;Хороший фильм
Фильм 587;1959;Комедия;120;Средний фильм
Фильм 588;1998;Документальное;135;Средний фильм
Фильм 589;1945;Комедия;65;Скучный фильм
Фильм 590;2002;Комедия;33;Скучный фильм
Фильм 591;1993;Документальное;64;Скучный фильм
Фильм 592;1970;Боевик;96;Хороший фильм
Фильм 593;1981;Триллер;38;Хороший фильм
Фильм 594;2020;Комедия;34;Средний фильм
Фильм 595;1920;Боевик;84;Хороший фильм
Фильм 596;1981;Триллер;148;Средний фильм
Фильм 597;1948;Триллер;31;Скучный фильм
Фильм 598;2000;Боевик;98;Хороший фильм
Фильм 599;1923;Документальное;15;Средний фильм
Фильм 600;1906;Триллер;95;Средний фильм
Фильм 601;1951;Ужасы;118;Хороший фильм
Фильм 602;1982;Боевик;171;Скучный фильм
Фильм 603;1977;Документальное;145;Средний фильм
Фильм 604;1992;Документальное;27;Хороший фильм
Фильм 605;1955;Ужасы;136;Хороший фильм
Фильм 606;2008;Ужасы;165;Средний фильм
Фильм 607;1980;Триллер;112;Средний фильм
Фильм 608;1953;Ужасы;98;Скучный фильм
Фильм 609;1932;Боевик;90;Скучный фильм
Фильм 610;2010;Комедия;53;Средний фильм
Фильм 611;1988;Документальное;84;Средний фильм
Фильм 612;1962;Триллер;52;Средний фильм
Фильм 613;1915;Боевик;64;Хороший фильм
Фильм 614;1917;Комедия;72;Скучный фильм
Фильм 615;1917;Ужасы;165;Скучный фильм
Фильм 616;1946;Ужасы;40;Скучный фильм
Фильм 617;2017;Комедия;48;Средний фильм
Фильм 618;1923;Триллер;125;Скучный фильм
Фильм 619;1965;Триллер;93;Хороший фильм
Фильм 620;1944;Документальное;28;Хороший фильм
Фильм 621;1997;Боевик;106;Хороший фильм
Фильм 622;1903;Комедия;109;Средний фильм
Фильм 623;2000;Боевик;134;Средний фильм
Фильм 624;1978;Триллер;165;Скучный фильм
Фильм 625;2011;Боевик;124;Хороший фильм
Фильм 626;1949;Триллер;108;Хороший фильм
Фильм 627;1923;Боевик;134;Средний фильм
Фильм 628;2006;Боевик;75;Хороший фильм
Фильм 629;1925;Документальное;71;Средний фильм
Фильм 630;1934;Комедия;32;Скучный фильм
Фильм 631;1962;Документальное;84;Средний фильм
Фильм 632;2010;Комедия;100;Скучный фильм
Фильм 633;1943;Ужасы;165;Скучный фильм
Фильм 634;1954;Боевик;102;Скучный фильм
Фильм 635;2001;Боевик;169;Средний фильм
Фильм 636;1914;Триллер;139;Скучный фильм
Фильм 637;1924;Комедия;63;Скучный фильм
Фильм 638;1918;Триллер;119;Скучный фильм
Фильм 639;1929;Документальное;23;Хороший фильм
Фильм 640;1999;Ужасы;119;Средний фильм
Фильм 641;1997;Триллер;114;Скучный фильм
Фильм 642;1903;Комедия;88;Средний фильм
Фильм 643;2002;Документальное;97;Скучный фильм
Фильм 644;1941;Боевик;35;Скучный фильм
Фильм 645;2001;Триллер;138;Хороший фильм
Фильм 646;2003;Ужасы;107;Средний фильм
Фильм 647;1916;Комедия;104;Скучный фильм
Фильм 648;1924;Комедия;137;Средний фильм
Фильм 649;1982;Боевик;106;Скучный фильм
Фильм 650;1992;Боевик;130;Хороший фильм
Фильм 651;1944;Комедия;59;Скучный фильм
Фильм 652;2002;Ужасы;30;Хороший фильм
Фильм 653;1982;Комедия;169;Скучный фильм
Фильм 654;1929;Боевик;156;Средний фильм
Фильм 655;1961;Комедия;50;Хороший фильм
Фильм 656;1973;Триллер;64;Средний фильм
Фильм 657;1936;Ужасы;103;Хороший фильм
Фильм 658;1963;Документальное;118;Средний фильм
Фильм 659;1901;Комедия;132;Хороший фильм
Фильм 660;1918;Комедия;148;Скучный фильм
Фильм 661;1940;Комедия;85;Скучный фильм
Фильм 662;2000;Комедия;40;Средний фильм
Фильм 663;1931;Триллер;102;Хороший фильм
Фильм 664;1913;Комедия;37;Скучный фильм
Фильм 665;1901;Документальное;68;Средний фильм
Фильм 666;2020;Ужасы;55;Средний фильм
Фильм 667;2003;Боевик;60;Скучный фильм
Фильм 668;1943;Боевик;173;Хороший фильм
Фильм 669;1929;Ужасы;147;Средний фильм
Фильм 670;2014;Ужасы;32;Хороший фильм
Фильм 671;1956;Документальное;27;Хороший фильм
Фильм 672;1935;Документальное;37;Скучный фильм
Фильм 673;1977;Документальное;21;Средний фильм
Фильм 674;1963;Триллер;51;Средний фильм
Фильм 675;1982;Ужасы;16;Хороший фильм
Фильм 676;2001;Триллер;27;Хороший фильм
Фильм 677;1993;Боевик;112;Средний фильм
Фильм 678;1925;Боевик;167;Средний фильм
Фильм 679;1931;Документальное;150;Скучный фильм
Фильм 680;1962;Боевик;29;Скучный фильм
Фильм 681;1917;Документальное;126;Хороший фильм
Фильм 682;1922;Триллер;24;Хороший фильм
Фильм 683;1958;Боевик;84;Хороший фильм
Фильм 684;1912;Комедия;19;Хороший фильм
Фильм 685;1956;Боевик;91;Скучный фильм
Фильм 686;1931;Комедия;61;Хороший фильм
Фильм 687;2011;Боевик;115;Хороший фильм
Фильм 688;1956;Комедия;162;Хороший фильм
Фильм 689;1968;Триллер;167;Хороший фильм
Фильм 690;1918;Триллер;112;Хороший фильм
Фильм 691;1923;Комедия;118;Средний фильм
Фильм 692;2014;Ужасы;150;Средний фильм
Фильм 693;1977;Триллер;123;Хороший фильм
Фильм 694;1981;Боевик;75;Средний фильм
Фильм 695;1931;Боевик;165;Средний фильм
Фильм 696;2009;Боевик;170;Скучный фильм
Фильм 697;1922;Боевик;55;Хороший фильм
Фильм 698;1927;Ужасы;130;Хороший фильм
Фильм 699;1979;Комедия;130;Средний фильм
Фильм 700;2003;Комедия;121;Средний фильм
Фильм 701;1920;Боевик;124;Хороший фильм
Фильм 702;1924;Боевик;53;Средний фильм
Фильм 703;1928;Триллер;150;Средний фильм
Фильм 704;1984;Комедия;139;Скучный фильм
Фильм 705;2017;Комедия;39;Скучный фильм
Фильм 706;1986;Документальное;58;Скучный фильм
Фильм 707;2007;Ужасы;65;Хороший фильм
Фильм 708;1975;Боевик;31;Хороший фильм
Фильм 709;1963;Боевик;40;Хороший фильм
Фильм 710;1927;Триллер;78;Скучный фильм
Фильм 711;1995;Ужасы;61;Скучный фильм
Фильм 712;1908;Документальное;167;Скучный фильм
Фильм 713;1928;Ужасы;142;Средний фильм
Фильм 714;1960;Боевик;76;Хороший фильм
Фильм 715;1967;Документальное;109;Скучный фильм
Фильм 716;1937;Документальное;142;Средний фильм
Фильм 717;1911;Комедия;46;Средний фильм
Фильм 718;1954;Комедия;119;Хороший фильм
Фильм 719;1900;Комедия;118;Скучный фильм
Фильм 720;1919;Триллер;51;Скучный фильм
Фильм 721;1968;Триллер;129;Скучный фильм
Фильм 722;1942;Документальное;151;Скучный фильм
Фильм 723;1989;Документальное;47;Хороший фильм
Фильм 724;1937;Триллер;15;Хороший фильм
Фильм 725;1987;Ужасы;119;Хороший фильм
Фильм 726;2006;Триллер;42;Скучный фильм
Фильм 727;1952;Боевик;61;Хороший фильм
Фильм 728;1990;Ужасы;22;Скучный фильм
Фильм 729;1904;Ужасы;176;Средний фильм
Фильм 730;1966;Документальное;147;Скучный фильм
Фильм 731;2006;Триллер;154;Скучный фильм
Фильм 732;1997;Триллер;161;Средний фильм
Фильм 733;1963;Боевик;152;Скучный фильм
Фильм 734;1901;Ужасы;164;Средний фильм
Фильм 735;1988;Документальное;146;Хороший фильм
Фильм 736;1938;Комедия;20;Хороший фильм
Фильм 737;1968;Комедия;97;Скучный фильм
Фильм 738;1982;Документальное;156;Средний фильм
Фильм 739;1906;Боевик;139;Средний фильм
Фильм 740;1947;Ужасы;114;Средний фильм
Фильм 741;2013;Ужасы;108;Хороший фильм
Фильм 742;1935;Ужасы;30;Средний фильм
Фильм 743;1961;Боевик;25;Средний фильм
Фильм 744;1935;Документальное;179;Скучный фильм
Фильм 745;1978;Триллер;95;Скучный фильм
Фильм 746;1990;Документальное;35;Скучный фильм
Фильм 747;1952;Комедия;114;Хороший фильм
Фильм 748;2015;Комедия;159;Хороший фильм
Фильм 749;2019;Документальное;52;Средний фильм
Фильм 750;2003;Документальное;36;Скучный фильм
Фильм 751;1955;Боевик;152;Хороший фильм
Фильм 752;1969;Боевик;25;Скучный фильм
Фильм 753;1933;Триллер;74;Скучный фильм
Фильм 754;1957;Ужасы;145;Скучный фильм
Фильм 755;1908;Триллер;122;Скучный фильм
Фильм 756;2002;Триллер;151;Хороший фильм
Фильм 757;2009;Боевик;57;Скучный фильм
Фильм 758;1952;Документальное;125;Хороший фильм
Фильм 759;1985;Документальное;91;Скучный фильм
Фильм 760;1936;Боевик;28;Средний фильм
Фильм 761;1910;Боевик;138;Скучный фильм
Фильм 762;2010;Документальное;149;Средний фильм
Фильм 763;2000;Триллер;29;Средний фильм
Фильм 764;1932;Ужасы;171;Скучный фильм
Фильм 765;2004;Комедия;150;Средний фильм
Фильм 766;1972;Ужасы;172;Средний фильм
Фильм 767;1953;Комедия;162;Средний фильм
Фильм 768;2009;Комедия;56;Средний фильм
Фильм 769;1998;Ужасы;152;Скучный фильм
Фильм 770;1932;Комедия;159;Скучный фильм
Фильм 771;1980;Боевик;128;Скучный фильм
Фильм 772;2010;Триллер;79;Хороший фильм
Фильм 773;1908;Ужасы;138;Скучный фильм
Фильм 774;1925;Комедия;82;Хороший фильм
Фильм 775;1991;Боевик;166;Хороший фильм
Фильм 776;1938;Триллер;28;Хороший фильм
Фильм 777;2017;Документальное;163;Скучный фильм
Фильм 778;2020;Комедия;113;Скучный фильм
Фильм 779;1914;Ужасы;119;Хороший фильм
Фильм 780;2004;Боевик;102;Средний фильм
Фильм 781;1907;Ужасы;135;Скучный фильм
Фильм 782;1916;Документальное;93;Хороший фильм
Фильм 783;1996;Документальное;126;Хороший фильм
Фильм 784;1966;Документальное;94;Хороший фильм
Фильм 785;1990;Комедия;37;Средний фильм
Фильм 786;1911;Документальное;19;Средний фильм
Фильм 787;1900;Ужасы;129;Хороший фильм
Фильм 788;1989;Документальное;127;Средний фильм
Фильм 789;1928;Триллер;135;Хороший фильм
Фильм 790;1921;Документальное;135;Скучный фильм
Фильм 791;1909;Боевик;78;Скучный фильм
Фильм 792;1951;Ужасы;49;Средний фильм
Фильм 793;1925;Боевик;132;Хороший фильм
Фильм 794;1989;Ужасы;69;Хороший фильм
Фильм 795;1955;Комедия;105;Хороший фильм
Фильм 796;1910;Ужасы;47;Средний фильм
Фильм 797;1983;Документальное;128;Скучный фильм
Фильм 798;1938;Боевик;44;Хороший фильм
Фильм 799;1918;Боевик;73;Хороший фильм
Фильм 800;1977;Триллер;96;Скучный фильм
Фильм 801;1987;Боевик;26;Скучный фильм
Фильм 802;1909;Триллер;142;Хороший фильм
Фильм 803;1919;Ужасы;86;Средний фильм
Фильм 804;1904;Боевик;126;Хороший фильм
Фильм 805;1927;Ужасы;87;Хороший фильм
Фильм 806;1917;Триллер;162;Средний фильм
Фильм 807;1952;Комедия;50;Хороший фильм
Фильм 808;2017;Боевик;174;Скучный фильм
Фильм 809;1975;Документальное;95;Хороший фильм
Фильм 810;1938;Боевик;167;Хороший фильм
Фильм 811;1995;Документальное;18;Средний фильм
Фильм 812;1922;Ужасы;106;Хороший фильм
Фильм 813;1983;Комедия;165;Скучный фильм
Фильм 814;1971;Документальное;149;Хороший фильм
Фильм 815;1938;Боевик;89;Хороший фильм
Фильм 816;2005;Триллер;147;Скучный фильм
Фильм 817;1918;Боевик;163;Скучный фильм
Фильм 818;1911;Триллер;38;Скучный фильм
Фильм 819;1997;Боевик;101;Средний фильм
Фильм 820;1990;Комедия;154;Скучный фильм
Фильм 821;1962;Ужасы;108;Средний фильм
Фильм 822;2004;Ужасы;160;Средний фильм
Фильм 823;1969;Документальное;31;Скучный фильм
Фильм 824;1921;Документальное;32;Хороший фильм
Фильм 825;1976;Ужасы;172;Хороший фильм
Фильм 826;1900;Документальное;58;Скучный фильм
Фильм 827;1951;Ужасы;25;Хороший фильм
Фильм 828;2015;Комедия;43;Скучный фильм
Фильм 829;1962;Боевик;22;Скучный фильм
Фильм 830;1980;Боевик;69;Средний фильм
Фильм 831;2013;Триллер;144;Средний фильм
Фильм 832;1919;Комедия;112;Средний фильм
Фильм 833;2006;Триллер;64;Средний фильм
Фильм 834;1956;Документальное;111;Скучный фильм
Фильм 835;2003;Документальное;67;Хороший фильм
Фильм 836;1982;Комедия;23;Хороший фильм
Фильм 837;2012;Ужасы;41;Средний фильм
Фильм 838;1980;Комедия;67;Скучный фильм
Фильм 839;2014;Документальное;169;Средний фильм
Фильм 840;1996;Комедия;92;Средний фильм
Фильм 841;2008;Триллер;44;Скучный фильм
Фильм 842;1997;Триллер;27;Средний фильм
Фильм 843;1995;Триллер;75;Скучный фильм
Фильм 844;1947;Комедия;88;Хороший фильм
Фильм 845;1991;Триллер;21;Скучный фильм
Фильм 846;1920;Документальное;139;Средний фильм
Фильм 847;1914;Триллер;69;Средний фильм
Фильм 848;1934;Комедия;117;Хороший фильм
Фильм 849;1995;Ужасы;50;Скучный фильм
Фильм 850;1970;Боевик;155;Средний фильм
Фильм 851;1916;Комедия;152;Средний фильм
Фильм 852;1925;Документальное;94;Хороший фильм
Фильм 853;1931;Комедия;107;Хороший фильм
Фильм 854;1914;Комедия;77;Хороший фильм
Фильм 855;1933;Ужасы;142;Хороший фильм
Фильм 856;1998;Боевик;174;Хороший фильм
Фильм 857;2015;Триллер;93;Скучный фильм
Фильм 858;1919;Боевик;159;Скучный фильм
Фильм 859;1902;Комедия;54;Скучный фильм
Фильм 860;1944;Документальное;105;Скучный фильм
Фильм 861;1999;Триллер;25;Хороший фильм
Фильм 862;1934;Боевик;34;Скучный фильм
Фильм 863;1918;Боевик;41;Скучный фильм
Фильм 864;1968;Триллер;39;Средний фильм
Фильм 865;1960;Ужасы;146;Скучный фильм
Фильм 866;1968;Ужасы;168;Хороший фильм
Фильм 867;1902;Боевик;121;Хороший фильм
Фильм 868;2003;Боевик;100;Скучный фильм
Фильм 869;2014;Документальное;57;Хороший фильм
Фильм 870;1985;Документальное;126;Средний фильм
Фильм 871;1934;Комедия;127;Хороший фильм
Фильм 872;1903;Ужасы;84;Средний фильм
Фильм 873;2011;Боевик;67;Хороший фильм
Фильм 874;1966;Ужасы;154;Средний фильм
Фильм 875;1978;Ужасы;98;Скучный фильм
Фильм 876;1933;Документальное;66;Скучный фильм
Фильм 877;1972;Ужасы;84;Скучный фильм
Фильм 878;1952;Документальное;74;Хороший фильм
Фильм 879;1911;Комедия;70;Хороший фильм
Фильм 880;1958;Боевик;149;Хороший фильм
Фильм 881;1902;Боевик;66;Скучный фильм
Фильм 882;2013;Документальное;169;Скучный фильм
Фильм 883;1911;Документальное;147;Скучный фильм
Фильм 884;1903;Документальное;124;Средний фильм
Фильм 885;1987;Ужасы;152;Хороший фильм
Фильм 886;1955;Ужасы;45;Средний фильм
Фильм 887;1936;Боевик;127;Хороший фильм
Фильм 888;1995;Боевик;100;Скучный фильм
Фильм 889;1913;Боевик;52;Хороший фильм
Фильм 890;1923;Документальное;139;Хороший фильм
Фильм 891;1927;Комедия;82;Скучный фильм
Фильм 892;1982;Триллер;39;Хороший фильм
Фильм 893;1909;Документальное;89;Скучный фильм
Фильм 894;2013;Триллер;50;Хороший фильм
Фильм 895;1957;Ужасы;150;Скучный фильм
Фильм 896;1946;Ужасы;106;Скучный фильм
Фильм 897;1947;Документальное;17;Средний фильм
Фильм 898;1932;Боевик;18;Средний фильм
Фильм 899;1999;Триллер;133;Скучный фильм
Фильм 900;1975;Триллер;89;Средний фильм
Фильм 901;1932;Триллер;156;Средний фильм
Фильм 902;1975;Боевик;39;Скучный фильм
Фильм 903;2015;Триллер;122;Скучный фильм
Фильм 904;1971;Ужасы;126;Средний фильм
Фильм 905;1984;Ужасы;128;Скучный фильм
Фильм 906;1981;Комедия;157;Хороший фильм
Фильм 907;1904;Боевик;99;Хороший фильм
Фильм 908;2017;Боевик;168;Средний фильм
Фильм 909;1906;Ужасы;85;Средний фильм
Фильм 910;1974;Боевик;39;Скучный фильм
Фильм 911;2011;Ужасы;76;Скучный фильм
Фильм 912;1912;Документальное;99;Скучный фильм
Фильм 913;1943;Ужасы;32;Хороший фильм
Фильм 914;1999;Боевик;59;Хороший фильм
Фильм 915;1922;Ужасы;30;Средний фильм
Фильм 916;1985;Боевик;72;Скучный фильм
Фильм 917;2006;Документальное;145;Средний фильм
Фильм 918;1936;Ужасы;174;Хороший фильм
Фильм 919;1997;Триллер;51;Хороший фильм
Фильм 920;1993;Ужасы;177;Скучный фильм
Фильм 921;1948;Документальное;24;Скучный фильм
Фильм 922;1972;Комедия;150;Хороший фильм
Фильм 923;1984;Боевик;119;Хороший фильм
Фильм 924;1905;Триллер;169;Средний фильм
Фильм 925;1988;Документальное;93;Средний фильм
Фильм 926;1964;Документальное;55;Средний фильм
Фильм 927;2002;Ужасы;92;Хороший фильм
Фильм 928;1974;Комедия;171;Скучный фильм
Фильм 929;2019;Ужасы;110;Средний фильм
Фильм 930;1927;Документальное;119;Скучный фильм
Фильм 931;1943;Боевик;149;Хороший фильм
Фильм 932;1916;Комедия;122;Средний фильм
Фильм 933;1913;Комедия;162;Хороший фильм
Фильм 934;1915;Комедия;36;Скучный фильм
Фильм 935;1901;Боевик;126;Хороший фильм
Фильм 936;1915;Ужасы;31;Скучный фильм
Фильм 937;1910;Боевик;94;Хороший фильм
Фильм 938;1935;Ужасы;112;Средний фильм
Фильм 939;1999;Боевик;131;Скучный фильм
Фильм 940;2011;Комедия;133;Скучный фильм
Фильм 941;1951;Ужасы;93;Хороший фильм
Фильм 942;1968;Триллер;33;Скучный фильм
Фильм 943;1909;Комедия;47;Скучный фильм
Фильм 944;1988;Комедия;37;Средний фильм
Фильм 945;1946;Комедия;45;Хороший фильм
Фильм 946;1915;Боевик;147;Средний фильм
Фильм 947;1941;Триллер;157;Хороший фильм
Фильм 948;1934;Ужасы;81;Хороший фильм
Фильм 949;1954;Ужасы;38;Средний фильм
Фильм 950;2011;Документальное;32;Средний фильм
Фильм 951;2020;Комедия;162;Средний фильм
Фильм 952;1974;Боевик;37;Скучный фильм
Фильм 953;1958;Ужасы;141;Средний фильм
Фильм 954;1946;Комедия;69;Средний фильм
Фильм 955;1988;Комедия;134;Средний фильм
Фильм 956;1953;Комедия;20;Скучный фильм
Фильм 957;1924;Боевик;174;Скучный фильм
Фильм 958;1914;Документальное;146;Средний фильм
Фильм 959;1963;Ужасы;42;Скучный фильм
Фильм 960;1984;Триллер;58;Хороший фильм
Фильм 961;1937;Ужасы;62;Скучный фильм
Фильм 962;2003;Комедия;37;Средний фильм
Фильм 963;1977;Триллер;51;Средний фильм
Фильм 964;1974;Триллер;63;Средний фильм
Фильм 965;2013;Ужасы;33;Хороший фильм
Фильм 966;1940;Боевик;54;Хороший фильм
Фильм 967;1908;Комедия;48;Скучный фильм
Фильм 968;2016;Ужасы;113;Хороший фильм
Фильм 969;1996;Документальное;69;Хороший фильм
Фильм 970;1965;Триллер;68;Хороший фильм
Фильм 971;1903;Ужасы;120;Хороший фильм
Фильм 972;2008;Документальное;136;Хороший фильм
Фильм 973;1962;Комедия;21;Скучный фильм
Фильм 974;1992;Триллер;127;Скучный фильм
Фильм 975;2000;Боевик;86;Хороший фильм
Фильм 976;2010;Комедия;73;Средний фильм
Фильм 977;1999;Триллер;149;Скучный фильм
Фильм 978;1905;Ужасы;108;Скучный фильм
Фильм 979;2009;Документальное;141;Средний фильм
Фильм 980;1949;Документальное;109;Хороший фильм
Фильм 981;2006;Ужасы;164;Скучный фильм
Фильм 982;1962;Триллер;127;Хороший фильм
Фильм 983;1915;Ужасы;68;Средний фильм
Фильм 984;1945;Комедия;56;Хороший фильм
Фильм 985;1945;Триллер;25;Средний фильм
Фильм 986;1908;Ужасы;158;Хороший фильм
Фильм 987;1938;Ужасы;54;Средний фильм
Фильм 988;1983;Ужасы;129;Средний фильм
Фильм 989;2009;Ужасы;61;Средний фильм
Фильм 990;2006;Документальное;82;Скучный фильм
Фильм 991;1905;Документальное;73;Скучный фильм
Фильм 992;1963;Документальное;44;Средний фильм
Фильм 993;2019;Триллер;35;Хороший фильм
Фильм 994;1940;Ужасы;95;Средний фильм
Фильм 995;1972;Документальное;47;Средний фильм
Фильм 996;1943;Комедия;172;Хороший фильм
Фильм 997;1952;Документальное;23;Хороший фильм
Фильм 998;1991;Комедия;61;Хороший фильм
Фильм 999;1933;Боевик;59;Хороший фильм
Фильм 1000;1917;Комедия;27;Средний фильм
