697;Name1;25-8-2007;ааааааааааааааааааааааааааааааааааааааааааааааааа51;9
678;Name2;11-4-2012;ааааааааааааааааааааааааааааааааааааааааааааааааа51;9
250;Name3;25-11-2013;ааааааааааааааааааааааааааааааааааааааааааааааааа51;2
59;Name4;18-11-2013;ааааааааааааааааааааааааааааааааааааааааааааааааа51;
128;Name5;12-7-2019;ааааааааааааааааааааааааааааааааааааааааааааааа49;2
959;Name6;3-5-2008;ааааааааааааааааааааааааааааааааааааааааааааааа49;3
468;Name7;19-6-2008;аааааааааааааааааааааааааааааааааааааааааааааааа50;4
390;Name8;5-8-2007;ааааааааааааааааааааааааааааааааааааааааааааааааа51;4
2;Name9;12-10-2006;аааааааааааааааааааааааааааааааааааааааааааааааа50;6
662;Name10;23-6-2011;ааааааааааааааааааааааааааааааааааааааааааааааа49;6
198;Name11;1-1-2010;ааааааааааааааааааааааааааааааааааааааааааааааа49;7
729;Name12;1-8-2010;ааааааааааааааааааааааааааааааааааааааааааааааааа51;4
419;Name13;8-6-2009;ааааааааааааааааааааааааааааааааааааааааааааааа49;6
489;Name14;23-10-2014;ааааааааааааааааааааааааааааааааааааааааааааааааа51;8
601;Name15;26-8-2017;ааааааааааааааааааааааааааааааааааааааааааааааааа51;2
488;Name16;24-6-2019;ааааааааааааааааааааааааааааааааааааааааааааааааа51;8
283;Name17;12-9-2008;ааааааааааааааааааааааааааааааааааааааааааааааааа51;7
740;Name18;11-8-2018;аааааааааааааааааааааааааааааааааааааааааааааааа50;8
178;Name19;9-4-2005;ааааааааааааааааааааааааааааааааааааааааааааааааа51;2
124;Name20;6-2-2013;аааааааааааааааааааааааааааааааааааааааааааааааа50;7
954;Name21;24-4-2011;аааааааааааааааааааааааааааааааааааааааааааааааа50;1
246;Name22;7-1-2010;аааааааааааааааааааааааааааааааааааааааааааааааа50;9
477;Name23;10-4-2013;ааааааааааааааааааааааааааааааааааааааааааааааааа51;4
664;Name24;20-4-2016;ааааааааааааааааааааааааааааааааааааааааааааааааа51;4
420;Name25;18-1-2018;ааааааааааааааааааааааааааааааааааааааааааааааа49;2
912;Name26;24-6-2005;ааааааааааааааааааааааааааааааааааааааааааааааа49;3
909;Name27;5-3-2006;ааааааааааааааааааааааааааааааааааааааааааааааааа51;6
994;Name28;7-6-2017;ааааааааааааааааааааааааааааааааааааааааааааааааа51;4
739;Name29;11-4-2009;ааааааааааааааааааааааааааааааааааааааааааааааааа51;6
744;Name30;24-1-2005;ааааааааааааааааааааааааааааааааааааааааааааааа49;2
595;Name31;18-4-2018;ааааааааааааааааааааааааааааааааааааааааааааааа49;3
873;Name32;26-7-2008;аааааааааааааааааааааааааааааааааааааааааааааааа50;1
830;Name33;14-3-2017;ааааааааааааааааааааааааааааааааааааааааааааааа49;8
417;Name34;10-9-2013;ааааааааааааааааааааааааааааааааааааааааааааааааа51;
407;Name35;16-2-2009;ааааааааааааааааааааааааааааааааааааааааааааааа49;2
920;Name36;16-7-2010;аааааааааааааааааааааааааааааааааааааааааааааааа50;7
882;Name37;18-3-2011;аааааааааааааааааааааааааааааааааааааааааааааааа50;7
793;Name38;23-4-2014;аааааааааааааааааааааааааааааааааааааааааааааааа50;4
636;Name39;26-3-2011;аааааааааааааааааааааааааааааааааааааааааааааааа50;8
51;Name40;14-1-2005;ааааааааааааааааааааааааааааааааааааааааааааааа49;5
931;Name41;22-1-2018;аааааааааааааааааааааааааааааааааааааааааааааааа50;0
960;Name42;23-6-2011;ааааааааааааааааааааааааааааааааааааааааааааааа49;7
933;Name43;4-7-2020;ааааааааааааааааааааааааааааааааааааааааааааааааа51;0
81;Name44;19-3-2019;ааааааааааааааааааааааааааааааааааааааааааааааааа51;0
402;Name45;24-10-2020;ааааааааааааааааааааааааааааааааааааааааааааааа49;
657;Name46;12-11-2020;ааааааааааааааааааааааааааааааааааааааааааааааа49;7
460;Name47;20-8-2016;ааааааааааааааааааааааааааааааааааааааааааааааа49;3
507;Name48;17-5-2007;аааааааааааааааааааааааааааааааааааааааааааааааа50;1
657;Name49;11-8-2009;аааааааааааааааааааааааааааааааааааааааааааааааа50;1
197;Name50;17-9-2006;ааааааааааааааааааааааааааааааааааааааааааааааааа51;2
403;Name51;26-2-2009;ааааааааааааааааааааааааааааааааааааааааааааааа49;
655;Name52;23-2-2008;аааааааааааааааааааааааааааааааааааааааааааааааа50;7
838;Name53;12-6-2012;аааааааааааааааааааааааааааааааааааааааааааааааа50;9
229;Name54;21-3-2008;ааааааааааааааааааааааааааааааааааааааааааааааааа51;1
283;Name55;12-5-2006;ааааааааааааааааааааааааааааааааааааааааааааааааа51;0
713;Name56;7-2-2006;ааааааааааааааааааааааааааааааааааааааааааааааааа51;3
553;Name57;4-11-2005;аааааааааааааааааааааааааааааааааааааааааааааааа50;4
962;Name58;25-3-2012;аааааааааааааааааааааааааааааааааааааааааааааааа50;8
717;Name59;17-7-2014;аааааааааааааааааааааааааааааааааааааааааааааааа50;2
357;Name60;12-1-2016;ааааааааааааааааааааааааааааааааааааааааааааааааа51;5
193;Name61;20-8-2006;аааааааааааааааааааааааааааааааааааааааааааааааа50;3
698;Name62;15-8-2011;аааааааааааааааааааааааааааааааааааааааааааааааа50;6
553;Name63;3-7-2012;ааааааааааааааааааааааааааааааааааааааааааааааа49;7
956;Name64;23-11-2012;ааааааааааааааааааааааааааааааааааааааааааааааа49;9
928;Name65;27-1-2015;аааааааааааааааааааааааааааааааааааааааааааааааа50;9
764;Name66;2-11-2011;ааааааааааааааааааааааааааааааааааааааааааааааа49;
549;Name67;13-7-2005;аааааааааааааааааааааааааааааааааааааааааааааааа50;4
595;Name68;14-5-2007;аааааааааааааааааааааааааааааааааааааааааааааааа50;0
676;Name69;17-10-2013;ааааааааааааааааааааааааааааааааааааааааааааааааа51;7
236;Name70;4-8-2006;ааааааааааааааааааааааааааааааааааааааааааааааа49;7
13;Name71;17-9-2017;ааааааааааааааааааааааааааааааааааааааааааааааааа51;9
378;Name72;13-7-2015;ааааааааааааааааааааааааааааааааааааааааааааааа49;
577;Name73;15-9-2007;аааааааааааааааааааааааааааааааааааааааааааааааа50;6
19;Name74;21-7-2006;аааааааааааааааааааааааааааааааааааааааааааааааа50;2
65;Name75;21-10-2009;ааааааааааааааааааааааааааааааааааааааааааааааааа51;3
762;Name76;11-9-2011;ааааааааааааааааааааааааааааааааааааааааааааааааа51;6
778;Name77;14-2-2009;ааааааааааааааааааааааааааааааааааааааааааааааааа51;5
170;Name78;15-5-2015;аааааааааааааааааааааааааааааааааааааааааааааааа50;7
456;Name79;5-4-2015;ааааааааааааааааааааааааааааааааааааааааааааааааа51;0
890;Name80;23-9-2006;ааааааааааааааааааааааааааааааааааааааааааааааааа51;8
569;Name81;14-2-2010;аааааааааааааааааааааааааааааааааааааааааааааааа50;8
550;Name82;10-5-2012;ааааааааааааааааааааааааааааааааааааааааааааааа49;9
88;Name83;1-4-2016;ааааааааааааааааааааааааааааааааааааааааааааааа49;7
154;Name84;23-3-2010;ааааааааааааааааааааааааааааааааааааааааааааааааа51;7
151;Name85;18-4-2012;аааааааааааааааааааааааааааааааааааааааааааааааа50;0
173;Name86;25-8-2010;ааааааааааааааааааааааааааааааааааааааааааааааа49;
676;Name87;2-8-2017;ааааааааааааааааааааааааааааааааааааааааааааааааа51;3
473;Name88;20-6-2011;аааааааааааааааааааааааааааааааааааааааааааааааа50;1
601;Name89;19-10-2011;аааааааааааааааааааааааааааааааааааааааааааааааа50;
840;Name90;20-7-2011;аааааааааааааааааааааааааааааааааааааааааааааааа50;9
205;Name91;14-2-2020;ааааааааааааааааааааааааааааааааааааааааааааааа49;6
16;Name92;12-4-2020;ааааааааааааааааааааааааааааааааааааааааааааааааа51;
806;Name93;3-3-2011;ааааааааааааааааааааааааааааааааааааааааааааааааа51;4
948;Name94;25-7-2005;аааааааааааааааааааааааааааааааааааааааааааааааа50;2
104;Name95;22-5-2008;аааааааааааааааааааааааааааааааааааааааааааааааа50;6
345;Name96;19-3-2019;аааааааааааааааааааааааааааааааааааааааааааааааа50;9
421;Name97;25-1-2017;ааааааааааааааааааааааааааааааааааааааааааааааааа51;8
530;Name98;13-6-2006;аааааааааааааааааааааааааааааааааааааааааааааааа50;4
311;Name99;23-5-2015;ааааааааааааааааааааааааааааааааааааааааааааааа49;0
219;Name100;27-9-2020;ааааааааааааааааааааааааааааааааааааааааааааааааа51;7
138;Name101;1-2-2010;аааааааааааааааааааааааааааааааааааааааааааааааа50;3
928;Name102;6-3-2011;ааааааааааааааааааааааааааааааааааааааааааааааа49;0
636;Name103;24-2-2015;аааааааааааааааааааааааааааааааааааааааааааааааа50;4
522;Name104;21-4-2020;ааааааааааааааааааааааааааааааааааааааааааааааааа51;8
813;Name105;11-5-2009;ааааааааааааааааааааааааааааааааааааааааааааааа49;7
679;Name106;16-2-2008;аааааааааааааааааааааааааааааааааааааааааааааааа50;
101;Name107;11-5-2013;ааааааааааааааааааааааааааааааааааааааааааааааааа51;6
68;Name108;20-3-2018;ааааааааааааааааааааааааааааааааааааааааааааааа49;4
249;Name109;16-2-2008;ааааааааааааааааааааааааааааааааааааааааааааааааа51;9
468;Name110;15-9-2015;ааааааааааааааааааааааааааааааааааааааааааааааааа51;6
162;Name111;12-7-2016;ааааааааааааааааааааааааааааааааааааааааааааааа49;0
244;Name112;6-5-2012;ааааааааааааааааааааааааааааааааааааааааааааааааа51;0
654;Name113;6-10-2016;ааааааааааааааааааааааааааааааааааааааааааааааааа51;6
275;Name114;12-5-2009;ааааааааааааааааааааааааааааааааааааааааааааааа49;7
997;Name115;9-8-2006;ааааааааааааааааааааааааааааааааааааааааааааааааа51;0
733;Name116;10-7-2020;ааааааааааааааааааааааааааааааааааааааааааааааааа51;4
106;Name117;5-2-2010;аааааааааааааааааааааааааааааааааааааааааааааааа50;0
44;Name118;10-10-2005;ааааааааааааааааааааааааааааааааааааааааааааааааа51;1
269;Name119;12-1-2017;ааааааааааааааааааааааааааааааааааааааааааааааа49;2
791;Name120;10-5-2013;ааааааааааааааааааааааааааааааааааааааааааааааааа51;4
528;Name121;4-3-2009;ааааааааааааааааааааааааааааааааааааааааааааааа49;1
499;Name122;8-8-2016;аааааааааааааааааааааааааааааааааааааааааааааааа50;3
23;Name123;5-4-2008;ааааааааааааааааааааааааааааааааааааааааааааааааа51;
813;Name124;15-11-2010;аааааааааааааааааааааааааааааааааааааааааааааааа50;9
1;Name125;9-11-2006;ааааааааааааааааааааааааааааааааааааааааааааааа49;7
960;Name126;3-2-2011;ааааааааааааааааааааааааааааааааааааааааааааааааа51;7
654;Name127;14-9-2007;ааааааааааааааааааааааааааааааааааааааааааааааа49;8
170;Name128;8-4-2010;аааааааааааааааааааааааааааааааааааааааааааааааа50;6
422;Name129;10-7-2017;ааааааааааааааааааааааааааааааааааааааааааааааа49;2
249;Name130;5-2-2008;ааааааааааааааааааааааааааааааааааааааааааааааааа51;2
109;Name131;26-2-2009;ааааааааааааааааааааааааааааааааааааааааааааааа49;8
530;Name132;18-10-2010;ааааааааааааааааааааааааааааааааааааааааааааааааа51;1
838;Name133;21-3-2008;ааааааааааааааааааааааааааааааааааааааааааааааааа51;7
63;Name134;13-7-2020;ааааааааааааааааааааааааааааааааааааааааааааааааа51;5
716;Name135;15-5-2018;ааааааааааааааааааааааааааааааааааааааааааааааа49;9
182;Name136;21-4-2014;ааааааааааааааааааааааааааааааааааааааааааааааа49;2
969;Name137;27-11-2019;ааааааааааааааааааааааааааааааааааааааааааааааа49;
405;Name138;5-1-2015;ааааааааааааааааааааааааааааааааааааааааааааааа49;9
356;Name139;3-7-2018;ааааааааааааааааааааааааааааааааааааааааааааааааа51;3
44;Name140;26-8-2012;ааааааааааааааааааааааааааааааааааааааааааааааа49;1
728;Name141;11-2-2007;ааааааааааааааааааааааааааааааааааааааааааааааа49;8
940;Name142;20-8-2019;ааааааааааааааааааааааааааааааааааааааааааааааа49;9
843;Name143;7-2-2014;ааааааааааааааааааааааааааааааааааааааааааааааа49;6
376;Name144;5-5-2006;ааааааааааааааааааааааааааааааааааааааааааааааа49;2
776;Name145;2-5-2017;ааааааааааааааааааааааааааааааааааааааааааааааааа51;5
364;Name146;25-5-2013;ааааааааааааааааааааааааааааааааааааааааааааааа49;0
724;Name147;17-6-2006;ааааааааааааааааааааааааааааааааааааааааааааааа49;9
409;Name148;19-2-2012;ааааааааааааааааааааааааааааааааааааааааааааааааа51;2
407;Name149;8-2-2007;ааааааааааааааааааааааааааааааааааааааааааааааааа51;5
154;Name150;12-1-2013;ааааааааааааааааааааааааааааааааааааааааааааааааа51;
890;Name151;14-10-2008;ааааааааааааааааааааааааааааааааааааааааааааааа49;9
371;Name152;7-7-2020;ааааааааааааааааааааааааааааааааааааааааааааааааа51;2
304;Name153;16-2-2016;аааааааааааааааааааааааааааааааааааааааааааааааа50;1
314;Name154;4-8-2015;ааааааааааааааааааааааааааааааааааааааааааааааа49;4
673;Name155;9-3-2007;ааааааааааааааааааааааааааааааааааааааааааааааааа51;1
650;Name156;27-7-2018;аааааааааааааааааааааааааааааааааааааааааааааааа50;2
962;Name157;9-6-2011;ааааааааааааааааааааааааааааааааааааааааааааааааа51;0
945;Name158;26-5-2016;ааааааааааааааааааааааааааааааааааааааааааааааааа51;6
353;Name159;14-6-2014;ааааааааааааааааааааааааааааааааааааааааааааааааа51;9
63;Name160;8-7-2013;ааааааааааааааааааааааааааааааааааааааааааааааа49;3
821;Name161;1-9-2016;ааааааааааааааааааааааааааааааааааааааааааааааа49;8
774;Name162;17-1-2015;ааааааааааааааааааааааааааааааааааааааааааааааа49;0
237;Name163;2-5-2013;ааааааааааааааааааааааааааааааааааааааааааааааа49;1
470;Name164;17-4-2019;ааааааааааааааааааааааааааааааааааааааааааааааа49;3
390;Name165;18-6-2015;ааааааааааааааааааааааааааааааааааааааааааааааа49;5
970;Name166;18-11-2017;ааааааааааааааааааааааааааааааааааааааааааааааааа51;6
725;Name167;27-1-2018;ааааааааааааааааааааааааааааааааааааааааааааааааа51;0
209;Name168;25-5-2020;аааааааааааааааааааааааааааааааааааааааааааааааа50;8
925;Name169;17-3-2010;аааааааааааааааааааааааааааааааааааааааааааааааа50;7
880;Name170;15-7-2014;аааааааааааааааааааааааааааааааааааааааааааааааа50;
45;Name171;10-2-2018;ааааааааааааааааааааааааааааааааааааааааааааааа49;3
86;Name172;5-5-2013;ааааааааааааааааааааааааааааааааааааааааааааааа49;
448;Name173;24-4-2014;ааааааааааааааааааааааааааааааааааааааааааааааааа51;3
520;Name174;21-10-2007;ааааааааааааааааааааааааааааааааааааааааааааааа49;1
553;Name175;26-3-2008;аааааааааааааааааааааааааааааааааааааааааааааааа50;9
891;Name176;6-5-2019;ааааааааааааааааааааааааааааааааааааааааааааааааа51;7
126;Name177;14-1-2005;ааааааааааааааааааааааааааааааааааааааааааааааа49;2
929;Name178;15-9-2009;ааааааааааааааааааааааааааааааааааааааааааааааа49;2
786;Name179;18-6-2015;ааааааааааааааааааааааааааааааааааааааааааааааааа51;8
693;Name180;17-6-2009;ааааааааааааааааааааааааааааааааааааааааааааааааа51;3
346;Name181;14-2-2014;ааааааааааааааааааааааааааааааааааааааааааааааааа51;4
758;Name182;18-5-2011;аааааааааааааааааааааааааааааааааааааааааааааааа50;4
679;Name183;15-4-2019;ааааааааааааааааааааааааааааааааааааааааааааааааа51;2
360;Name184;21-5-2017;аааааааааааааааааааааааааааааааааааааааааааааааа50;9
992;Name185;8-10-2014;аааааааааааааааааааааааааааааааааааааааааааааааа50;
674;Name186;20-2-2009;ааааааааааааааааааааааааааааааааааааааааааааааа49;2
607;Name187;3-2-2012;ааааааааааааааааааааааааааааааааааааааааааааааааа51;0
67;Name188;1-3-2018;ааааааааааааааааааааааааааааааааааааааааааааааааа51;3
737;Name189;8-9-2020;ааааааааааааааааааааааааааааааааааааааааааааааааа51;7
454;Name190;5-11-2005;ааааааааааааааааааааааааааааааааааааааааааааааа49;8
181;Name191;15-8-2017;ааааааааааааааааааааааааааааааааааааааааааааааааа51;0
753;Name192;20-9-2012;ааааааааааааааааааааааааааааааааааааааааааааааааа51;1
380;Name193;23-2-2019;ааааааааааааааааааааааааааааааааааааааааааааааааа51;9
873;Name194;13-9-2015;ааааааааааааааааааааааааааааааааааааааааааааааааа51;5
957;Name195;7-3-2017;ааааааааааааааааааааааааааааааааааааааааааааааа49;9
772;Name196;16-9-2012;аааааааааааааааааааааааааааааааааааааааааааааааа50;9
535;Name197;8-6-2020;аааааааааааааааааааааааааааааааааааааааааааааааа50;1
724;Name198;10-8-2011;ааааааааааааааааааааааааааааааааааааааааааааааааа51;
491;Name199;26-10-2010;ааааааааааааааааааааааааааааааааааааааааааааааааа51;4
198;Name200;1-5-2015;ааааааааааааааааааааааааааааааааааааааааааааааааа51;6
207;Name201;6-6-2007;ааааааааааааааааааааааааааааааааааааааааааааааааа51;9
599;Name202;10-11-2019;ааааааааааааааааааааааааааааааааааааааааааааааа49;1
376;Name203;23-10-2016;ааааааааааааааааааааааааааааааааааааааааааааааааа51;2
531;Name204;26-3-2015;ааааааааааааааааааааааааааааааааааааааааааааааааа51;1
42;Name205;14-5-2007;ааааааааааааааааааааааааааааааааааааааааааааааа49;7
272;Name206;23-2-2018;ааааааааааааааааааааааааааааааааааааааааааааааа49;7
224;Name207;5-1-2018;аааааааааааааааааааааааааааааааааааааааааааааааа50;3
788;Name208;12-3-2015;ааааааааааааааааааааааааааааааааааааааааааааааа49;6
308;Name209;19-1-2019;ааааааааааааааааааааааааааааааааааааааааааааааааа51;1
792;Name210;22-10-2007;аааааааааааааааааааааааааааааааааааааааааааааааа50;9
716;Name211;20-2-2020;аааааааааааааааааааааааааааааааааааааааааааааааа50;4
191;Name212;26-4-2020;аааааааааааааааааааааааааааааааааааааааааааааааа50;6
892;Name213;21-4-2008;аааааааааааааааааааааааааааааааааааааааааааааааа50;4
642;Name214;1-1-2018;ааааааааааааааааааааааааааааааааааааааааааааааа49;8
179;Name215;6-2-2007;ааааааааааааааааааааааааааааааааааааааааааааааа49;1
946;Name216;21-8-2009;ааааааааааааааааааааааааааааааааааааааааааааааа49;9
851;Name217;13-5-2007;аааааааааааааааааааааааааааааааааааааааааааааааа50;1
575;Name218;19-6-2018;ааааааааааааааааааааааааааааааааааааааааааааааа49;1
315;Name219;21-4-2006;ааааааааааааааааааааааааааааааааааааааааааааааааа51;7
843;Name220;12-5-2010;ааааааааааааааааааааааааааааааааааааааааааааааа49;4
323;Name221;4-4-2014;ааааааааааааааааааааааааааааааааааааааааааааааа49;7
967;Name222;23-3-2018;ааааааааааааааааааааааааааааааааааааааааааааааааа51;8
46;Name223;17-2-2005;ааааааааааааааааааааааааааааааааааааааааааааааааа51;2
655;Name224;8-5-2018;ааааааааааааааааааааааааааааааааааааааааааааааааа51;3
823;Name225;27-3-2018;ааааааааааааааааааааааааааааааааааааааааааааааа49;2
817;Name226;1-3-2011;ааааааааааааааааааааааааааааааааааааааааааааааа49;4
600;Name227;4-3-2015;ааааааааааааааааааааааааааааааааааааааааааааааа49;1
558;Name228;10-9-2016;ааааааааааааааааааааааааааааааааааааааааааааааааа51;3
245;Name229;26-11-2013;ааааааааааааааааааааааааааааааааааааааааааааааааа51;5
724;Name230;6-8-2015;аааааааааааааааааааааааааааааааааааааааааааааааа50;2
295;Name231;12-4-2012;аааааааааааааааааааааааааааааааааааааааааааааааа50;3
77;Name232;19-4-2015;ааааааааааааааааааааааааааааааааааааааааааааааа49;0
75;Name233;27-6-2010;ааааааааааааааааааааааааааааааааааааааааааааааааа51;2
458;Name234;6-11-2012;ааааааааааааааааааааааааааааааааааааааааааааааа49;9
646;Name235;11-2-2015;ааааааааааааааааааааааааааааааааааааааааааааааа49;1
253;Name236;11-5-2006;аааааааааааааааааааааааааааааааааааааааааааааааа50;4
643;Name237;3-1-2009;ааааааааааааааааааааааааааааааааааааааааааааааааа51;
992;Name238;3-7-2020;аааааааааааааааааааааааааааааааааааааааааааааааа50;5
762;Name239;21-8-2015;ааааааааааааааааааааааааааааааааааааааааааааааааа51;3
48;Name240;19-10-2019;аааааааааааааааааааааааааааааааааааааааааааааааа50;7
441;Name241;13-11-2018;аааааааааааааааааааааааааааааааааааааааааааааааа50;3
75;Name242;14-2-2009;ааааааааааааааааааааааааааааааааааааааааааааааа49;8
160;Name243;21-8-2010;аааааааааааааааааааааааааааааааааааааааааааааааа50;
188;Name244;19-2-2019;ааааааааааааааааааааааааааааааааааааааааааааааа49;1
788;Name245;27-4-2015;ааааааааааааааааааааааааааааааааааааааааааааааа49;6
721;Name246;7-1-2020;ааааааааааааааааааааааааааааааааааааааааааааааааа51;4
428;Name247;9-11-2017;ааааааааааааааааааааааааааааааааааааааааааааааааа51;0
949;Name248;4-1-2005;ааааааааааааааааааааааааааааааааааааааааааааааа49;6
422;Name249;3-7-2008;ааааааааааааааааааааааааааааааааааааааааааааааа49;8
217;Name250;11-7-2017;аааааааааааааааааааааааааааааааааааааааааааааааа50;0
421;Name251;17-1-2019;ааааааааааааааааааааааааааааааааааааааааааааааа49;9
595;Name252;22-11-2011;аааааааааааааааааааааааааааааааааааааааааааааааа50;3
763;Name253;22-2-2009;ааааааааааааааааааааааааааааааааааааааааааааааа49;0
493;Name254;16-4-2010;ааааааааааааааааааааааааааааааааааааааааааааааааа51;3
876;Name255;25-4-2007;ааааааааааааааааааааааааааааааааааааааааааааааааа51;5
465;Name256;16-2-2018;ааааааааааааааааааааааааааааааааааааааааааааааааа51;7
934;Name257;15-1-2020;ааааааааааааааааааааааааааааааааааааааааааааааааа51;5
981;Name258;13-10-2008;ааааааааааааааааааааааааааааааааааааааааааааааа49;5
649;Name259;24-4-2008;ааааааааааааааааааааааааааааааааааааааааааааааааа51;9
929;Name260;5-1-2006;ааааааааааааааааааааааааааааааааааааааааааааааа49;7
807;Name261;12-8-2020;аааааааааааааааааааааааааааааааааааааааааааааааа50;8
296;Name262;12-7-2013;аааааааааааааааааааааааааааааааааааааааааааааааа50;
959;Name263;15-4-2006;ааааааааааааааааааааааааааааааааааааааааааааааа49;6
707;Name264;14-3-2006;ааааааааааааааааааааааааааааааааааааааааааааааа49;
623;Name265;11-4-2015;ааааааааааааааааааааааааааааааааааааааааааааааааа51;9
355;Name266;24-2-2015;ааааааааааааааааааааааааааааааааааааааааааааааааа51;1
331;Name267;19-6-2008;ааааааааааааааааааааааааааааааааааааааааааааааа49;3
254;Name268;18-6-2019;ааааааааааааааааааааааааааааааааааааааааааааааааа51;1
982;Name269;18-9-2006;ааааааааааааааааааааааааааааааааааааааааааааааааа51;
798;Name270;3-9-2018;ааааааааааааааааааааааааааааааааааааааааааааааа49;8
146;Name271;17-3-2005;ааааааааааааааааааааааааааааааааааааааааааааааааа51;
230;Name272;27-5-2015;ааааааааааааааааааааааааааааааааааааааааааааааааа51;2
247;Name273;1-2-2014;ааааааааааааааааааааааааааааааааааааааааааааааааа51;
798;Name274;3-10-2006;ааааааааааааааааааааааааааааааааааааааааааааааа49;
966;Name275;3-2-2007;ааааааааааааааааааааааааааааааааааааааааааааааа49;1
250;Name276;9-8-2020;ааааааааааааааааааааааааааааааааааааааааааааааааа51;7
645;Name277;25-3-2009;ааааааааааааааааааааааааааааааааааааааааааааааа49;1
629;Name278;6-6-2011;ааааааааааааааааааааааааааааааааааааааааааааааа49;8
61;Name279;19-5-2016;ааааааааааааааааааааааааааааааааааааааааааааааааа51;9
418;Name280;24-7-2015;ааааааааааааааааааааааааааааааааааааааааааааааа49;5
624;Name281;22-10-2014;аааааааааааааааааааааааааааааааааааааааааааааааа50;4
592;Name282;26-8-2017;ааааааааааааааааааааааааааааааааааааааааааааааааа51;0
777;Name283;21-11-2013;ааааааааааааааааааааааааааааааааааааааааааааааааа51;1
362;Name284;26-7-2013;ааааааааааааааааааааааааааааааааааааааааааааааа49;7
243;Name285;17-5-2016;ааааааааааааааааааааааааааааааааааааааааааааааааа51;3
158;Name286;2-3-2016;аааааааааааааааааааааааааааааааааааааааааааааааа50;2
718;Name287;13-8-2017;ааааааааааааааааааааааааааааааааааааааааааааааааа51;1
756;Name288;17-11-2011;аааааааааааааааааааааааааааааааааааааааааааааааа50;0
649;Name289;15-1-2011;аааааааааааааааааааааааааааааааааааааааааааааааа50;1
431;Name290;7-11-2020;аааааааааааааааааааааааааааааааааааааааааааааааа50;5
842;Name291;25-3-2013;аааааааааааааааааааааааааааааааааааааааааааааааа50;2
564;Name292;3-4-2015;ааааааааааааааааааааааааааааааааааааааааааааааааа51;8
926;Name293;22-3-2017;ааааааааааааааааааааааааааааааааааааааааааааааа49;1
284;Name294;26-6-2005;ааааааааааааааааааааааааааааааааааааааааааааааааа51;4
948;Name295;8-8-2011;аааааааааааааааааааааааааааааааааааааааааааааааа50;5
473;Name296;16-5-2005;аааааааааааааааааааааааааааааааааааааааааааааааа50;6
871;Name297;27-9-2006;ааааааааааааааааааааааааааааааааааааааааааааааа49;9
780;Name298;23-3-2012;ааааааааааааааааааааааааааааааааааааааааааааааа49;4
184;Name299;8-2-2017;ааааааааааааааааааааааааааааааааааааааааааааааа49;2
260;Name300;6-1-2016;ааааааааааааааааааааааааааааааааааааааааааааааа49;6
473;Name301;7-4-2012;ааааааааааааааааааааааааааааааааааааааааааааааа49;0
726;Name302;24-5-2005;ааааааааааааааааааааааааааааааааааааааааааааааа49;3
509;Name303;13-9-2014;аааааааааааааааааааааааааааааааааааааааааааааааа50;
69;Name304;24-2-2013;ааааааааааааааааааааааааааааааааааааааааааааааааа51;9
148;Name305;23-6-2015;аааааааааааааааааааааааааааааааааааааааааааааааа50;5
475;Name306;25-10-2010;ааааааааааааааааааааааааааааааааааааааааааааааа49;5
284;Name307;9-6-2008;аааааааааааааааааааааааааааааааааааааааааааааааа50;1
814;Name308;13-8-2018;ааааааааааааааааааааааааааааааааааааааааааааааа49;9
31;Name309;7-2-2008;ааааааааааааааааааааааааааааааааааааааааааааааа49;3
318;Name310;9-10-2008;ааааааааааааааааааааааааааааааааааааааааааааааааа51;2
391;Name311;27-9-2020;ааааааааааааааааааааааааааааааааааааааааааааааа49;
222;Name312;17-6-2013;ааааааааааааааааааааааааааааааааааааааааааааааааа51;5
849;Name313;22-8-2012;ааааааааааааааааааааааааааааааааааааааааааааааа49;5
85;Name314;23-5-2009;ааааааааааааааааааааааааааааааааааааааааааааааааа51;2
560;Name315;3-2-2008;ааааааааааааааааааааааааааааааааааааааааааааааааа51;6
203;Name316;4-6-2019;ааааааааааааааааааааааааааааааааааааааааааааааааа51;6
182;Name317;16-7-2013;ааааааааааааааааааааааааааааааааааааааааааааааа49;8
803;Name318;5-1-2015;аааааааааааааааааааааааааааааааааааааааааааааааа50;3
824;Name319;7-4-2016;ааааааааааааааааааааааааааааааааааааааааааааааа49;5
570;Name320;1-4-2015;ааааааааааааааааааааааааааааааааааааааааааааааа49;5
148;Name321;18-2-2008;аааааааааааааааааааааааааааааааааааааааааааааааа50;0
521;Name322;12-4-2009;аааааааааааааааааааааааааааааааааааааааааааааааа50;3
262;Name323;24-5-2015;ааааааааааааааааааааааааааааааааааааааааааааааааа51;0
306;Name324;5-5-2018;аааааааааааааааааааааааааааааааааааааааааааааааа50;2
812;Name325;11-4-2011;аааааааааааааааааааааааааааааааааааааааааааааааа50;
644;Name326;23-4-2018;ааааааааааааааааааааааааааааааааааааааааааааааа49;2
457;Name327;10-9-2005;ааааааааааааааааааааааааааааааааааааааааааааааа49;5
875;Name328;20-9-2009;ааааааааааааааааааааааааааааааааааааааааааааааа49;7
858;Name329;6-5-2020;ааааааааааааааааааааааааааааааааааааааааааааааааа51;7
408;Name330;11-8-2006;ааааааааааааааааааааааааааааааааааааааааааааааа49;4
324;Name331;9-1-2015;аааааааааааааааааааааааааааааааааааааааааааааааа50;5
314;Name332;8-3-2013;ааааааааааааааааааааааааааааааааааааааааааааааа49;7
311;Name333;24-3-2010;аааааааааааааааааааааааааааааааааааааааааааааааа50;1
321;Name334;15-11-2007;ааааааааааааааааааааааааааааааааааааааааааааааааа51;8
244;Name335;23-10-2007;аааааааааааааааааааааааааааааааааааааааааааааааа50;6
63;Name336;20-10-2009;аааааааааааааааааааааааааааааааааааааааааааааааа50;4
358;Name337;16-11-2014;ааааааааааааааааааааааааааааааааааааааааааааааааа51;6
700;Name338;15-1-2014;ааааааааааааааааааааааааааааааааааааааааааааааааа51;9
653;Name339;27-7-2011;аааааааааааааааааааааааааааааааааааааааааааааааа50;1
782;Name340;22-4-2009;ааааааааааааааааааааааааааааааааааааааааааааааааа51;2
571;Name341;3-8-2020;ааааааааааааааааааааааааааааааааааааааааааааааа49;3
646;Name342;20-11-2014;аааааааааааааааааааааааааааааааааааааааааааааааа50;8
517;Name343;14-1-2016;аааааааааааааааааааааааааааааааааааааааааааааааа50;8
643;Name344;2-7-2020;ааааааааааааааааааааааааааааааааааааааааааааааа49;0
57;Name345;13-4-2013;ааааааааааааааааааааааааааааааааааааааааааааааа49;8
61;Name346;6-1-2011;ааааааааааааааааааааааааааааааааааааааааааааааааа51;6
359;Name347;26-10-2017;ааааааааааааааааааааааааааааааааааааааааааааааа49;9
793;Name348;13-9-2018;аааааааааааааааааааааааааааааааааааааааааааааааа50;3
325;Name349;25-7-2016;ааааааааааааааааааааааааааааааааааааааааааааааа49;8
577;Name350;15-9-2010;аааааааааааааааааааааааааааааааааааааааааааааааа50;1
748;Name351;20-7-2007;аааааааааааааааааааааааааааааааааааааааааааааааа50;
12;Name352;16-10-2020;ааааааааааааааааааааааааааааааааааааааааааааааааа51;7
951;Name353;6-11-2015;ааааааааааааааааааааааааааааааааааааааааааааааа49;9
487;Name354;1-10-2007;ааааааааааааааааааааааааааааааааааааааааааааааа49;7
429;Name355;10-1-2012;аааааааааааааааааааааааааааааааааааааааааааааааа50;7
762;Name356;26-9-2013;ааааааааааааааааааааааааааааааааааааааааааааааааа51;2
277;Name357;13-7-2019;ааааааааааааааааааааааааааааааааааааааааааааааааа51;2
37;Name358;21-11-2015;ааааааааааааааааааааааааааааааааааааааааааааааа49;8
504;Name359;5-2-2009;ааааааааааааааааааааааааааааааааааааааааааааааааа51;3
129;Name360;25-4-2010;ааааааааааааааааааааааааааааааааааааааааааааааааа51;2
735;Name361;8-3-2015;аааааааааааааааааааааааааааааааааааааааааааааааа50;6
693;Name362;6-3-2019;ааааааааааааааааааааааааааааааааааааааааааааааа49;7
336;Name363;9-8-2012;ааааааааааааааааааааааааааааааааааааааааааааааа49;2
370;Name364;1-1-2014;ааааааааааааааааааааааааааааааааааааааааааааааааа51;9
566;Name365;6-9-2011;ааааааааааааааааааааааааааааааааааааааааааааааа49;3
231;Name366;17-7-2015;ааааааааааааааааааааааааааааааааааааааааааааааааа51;0
94;Name367;22-2-2011;ааааааааааааааааааааааааааааааааааааааааааааааа49;3
71;Name368;6-11-2016;аааааааааааааааааааааааааааааааааааааааааааааааа50;7
976;Name369;22-1-2014;ааааааааааааааааааааааааааааааааааааааааааааааааа51;5
748;Name370;8-8-2013;ааааааааааааааааааааааааааааааааааааааааааааааааа51;6
99;Name371;20-9-2016;ааааааааааааааааааааааааааааааааааааааааааааааа49;4
116;Name372;21-2-2013;ааааааааааааааааааааааааааааааааааааааааааааааааа51;4
39;Name373;4-5-2012;ааааааааааааааааааааааааааааааааааааааааааааааааа51;1
975;Name374;22-11-2006;ааааааааааааааааааааааааааааааааааааааааааааааа49;1
407;Name375;3-9-2012;аааааааааааааааааааааааааааааааааааааааааааааааа50;7
973;Name376;27-11-2014;ааааааааааааааааааааааааааааааааааааааааааааааааа51;0
862;Name377;14-5-2015;ааааааааааааааааааааааааааааааааааааааааааааааааа51;5
464;Name378;3-8-2005;аааааааааааааааааааааааааааааааааааааааааааааааа50;
274;Name379;3-1-2007;ааааааааааааааааааааааааааааааааааааааааааааааа49;5
13;Name380;10-4-2005;ааааааааааааааааааааааааааааааааааааааааааааааа49;4
841;Name381;26-11-2019;ааааааааааааааааааааааааааааааааааааааааааааааааа51;2
529;Name382;22-9-2009;ааааааааааааааааааааааааааааааааааааааааааааааааа51;9
442;Name383;27-8-2011;ааааааааааааааааааааааааааааааааааааааааааааааааа51;3
843;Name384;9-11-2015;ааааааааааааааааааааааааааааааааааааааааааааааа49;1
14;Name385;21-11-2014;ааааааааааааааааааааааааааааааааааааааааааааааа49;3
41;Name386;11-2-2019;ааааааааааааааааааааааааааааааааааааааааааааааа49;7
397;Name387;23-3-2013;ааааааааааааааааааааааааааааааааааааааааааааааа49;0
898;Name388;21-11-2013;аааааааааааааааааааааааааааааааааааааааааааааааа50;6
827;Name389;8-10-2019;ааааааааааааааааааааааааааааааааааааааааааааааа49;8
424;Name390;5-1-2010;ааааааааааааааааааааааааааааааааааааааааааааааа49;2
30;Name391;15-2-2020;ааааааааааааааааааааааааааааааааааааааааааааааааа51;3
750;Name392;15-10-2008;аааааааааааааааааааааааааааааааааааааааааааааааа50;
859;Name393;27-6-2012;аааааааааааааааааааааааааааааааааааааааааааааааа50;7
466;Name394;17-10-2010;аааааааааааааааааааааааааааааааааааааааааааааааа50;
359;Name395;7-4-2016;аааааааааааааааааааааааааааааааааааааааааааааааа50;4
884;Name396;1-4-2009;ааааааааааааааааааааааааааааааааааааааааааааааа49;9
278;Name397;15-2-2018;ааааааааааааааааааааааааааааааааааааааааааааааааа51;9
803;Name398;5-1-2017;ааааааааааааааааааааааааааааааааааааааааааааааааа51;6
241;Name399;22-9-2016;аааааааааааааааааааааааааааааааааааааааааааааааа50;8
905;Name400;10-2-2016;ааааааааааааааааааааааааааааааааааааааааааааааа49;4
85;Name401;24-10-2009;ааааааааааааааааааааааааааааааааааааааааааааааааа51;6
165;Name402;9-9-2011;аааааааааааааааааааааааааааааааааааааааааааааааа50;5
227;Name403;23-3-2016;ааааааааааааааааааааааааааааааааааааааааааааааа49;3
430;Name404;20-11-2016;ааааааааааааааааааааааааааааааааааааааааааааааа49;5
447;Name405;9-9-2016;ааааааааааааааааааааааааааааааааааааааааааааааа49;3
763;Name406;13-3-2020;аааааааааааааааааааааааааааааааааааааааааааааааа50;1
993;Name407;3-3-2017;аааааааааааааааааааааааааааааааааааааааааааааааа50;1
108;Name408;27-5-2016;ааааааааааааааааааааааааааааааааааааааааааааааа49;7
639;Name409;16-5-2005;аааааааааааааааааааааааааааааааааааааааааааааааа50;9
406;Name410;23-9-2011;ааааааааааааааааааааааааааааааааааааааааааааааа49;4
8;Name411;15-1-2014;ааааааааааааааааааааааааааааааааааааааааааааааааа51;6
545;Name412;19-2-2020;аааааааааааааааааааааааааааааааааааааааааааааааа50;5
413;Name413;3-8-2018;ааааааааааааааааааааааааааааааааааааааааааааааа49;8
201;Name414;24-7-2006;аааааааааааааааааааааааааааааааааааааааааааааааа50;4
347;Name415;11-2-2016;ааааааааааааааааааааааааааааааааааааааааааааааа49;2
76;Name416;1-4-2005;ааааааааааааааааааааааааааааааааааааааааааааааа49;8
814;Name417;7-11-2017;ааааааааааааааааааааааааааааааааааааааааааааааааа51;5
961;Name418;12-1-2006;аааааааааааааааааааааааааааааааааааааааааааааааа50;3
848;Name419;14-3-2016;ааааааааааааааааааааааааааааааааааааааааааааааа49;4
626;Name420;2-3-2016;ааааааааааааааааааааааааааааааааааааааааааааааа49;5
757;Name421;18-3-2008;ааааааааааааааааааааааааааааааааааааааааааааааааа51;8
657;Name422;18-5-2011;аааааааааааааааааааааааааааааааааааааааааааааааа50;3
987;Name423;18-4-2007;аааааааааааааааааааааааааааааааааааааааааааааааа50;0
160;Name424;21-10-2007;аааааааааааааааааааааааааааааааааааааааааааааааа50;9
889;Name425;16-2-2013;ааааааааааааааааааааааааааааааааааааааааааааааа49;6
523;Name426;23-10-2015;ааааааааааааааааааааааааааааааааааааааааааааааа49;4
183;Name427;4-6-2019;ааааааааааааааааааааааааааааааааааааааааааааааааа51;6
414;Name428;17-2-2019;ааааааааааааааааааааааааааааааааааааааааааааааааа51;5
546;Name429;16-11-2010;ааааааааааааааааааааааааааааааааааааааааааааааааа51;0
677;Name430;9-10-2011;аааааааааааааааааааааааааааааааааааааааааааааааа50;7
408;Name431;17-2-2009;аааааааааааааааааааааааааааааааааааааааааааааааа50;7
928;Name432;8-10-2020;ааааааааааааааааааааааааааааааааааааааааааааааа49;1
836;Name433;25-1-2014;аааааааааааааааааааааааааааааааааааааааааааааааа50;5
363;Name434;6-6-2005;ааааааааааааааааааааааааааааааааааааааааааааааааа51;9
318;Name435;7-7-2019;ааааааааааааааааааааааааааааааааааааааааааааааа49;6
584;Name436;9-4-2020;аааааааааааааааааааааааааааааааааааааааааааааааа50;1
145;Name437;19-8-2020;аааааааааааааааааааааааааааааааааааааааааааааааа50;8
160;Name438;11-4-2011;аааааааааааааааааааааааааааааааааааааааааааааааа50;2
274;Name439;24-9-2009;аааааааааааааааааааааааааааааааааааааааааааааааа50;0
135;Name440;13-6-2014;ааааааааааааааааааааааааааааааааааааааааааааааа49;9
605;Name441;6-4-2012;ааааааааааааааааааааааааааааааааааааааааааааааааа51;7
765;Name442;13-11-2020;ааааааааааааааааааааааааааааааааааааааааааааааааа51;9
959;Name443;11-4-2008;аааааааааааааааааааааааааааааааааааааааааааааааа50;8
469;Name444;7-3-2007;ааааааааааааааааааааааааааааааааааааааааааааааа49;9
333;Name445;18-6-2013;ааааааааааааааааааааааааааааааааааааааааааааааааа51;1
227;Name446;14-1-2013;ааааааааааааааааааааааааааааааааааааааааааааааа49;7
487;Name447;14-9-2005;ааааааааааааааааааааааааааааааааааааааааааааааааа51;7
566;Name448;15-9-2005;аааааааааааааааааааааааааааааааааааааааааааааааа50;2
456;Name449;16-4-2010;ааааааааааааааааааааааааааааааааааааааааааааааааа51;2
693;Name450;5-4-2005;аааааааааааааааааааааааааааааааааааааааааааааааа50;7
182;Name451;27-3-2013;ааааааааааааааааааааааааааааааааааааааааааааааааа51;1
404;Name452;22-5-2020;ааааааааааааааааааааааааааааааааааааааааааааааа49;1
245;Name453;3-5-2005;ааааааааааааааааааааааааааааааааааааааааааааааааа51;
80;Name454;11-1-2012;аааааааааааааааааааааааааааааааааааааааааааааааа50;2
438;Name455;19-3-2019;ааааааааааааааааааааааааааааааааааааааааааааааааа51;1
266;Name456;1-4-2016;ааааааааааааааааааааааааааааааааааааааааааааааа49;4
876;Name457;16-6-2013;ааааааааааааааааааааааааааааааааааааааааааааааааа51;5
220;Name458;14-8-2018;ааааааааааааааааааааааааааааааааааааааааааааааа49;1
339;Name459;2-3-2020;ааааааааааааааааааааааааааааааааааааааааааааааааа51;5
207;Name460;4-6-2012;ааааааааааааааааааааааааааааааааааааааааааааааа49;8
629;Name461;8-7-2005;ааааааааааааааааааааааааааааааааааааааааааааааааа51;9
376;Name462;18-7-2016;ааааааааааааааааааааааааааааааааааааааааааааааа49;0
945;Name463;1-8-2012;аааааааааааааааааааааааааааааааааааааааааааааааа50;5
639;Name464;5-6-2014;аааааааааааааааааааааааааааааааааааааааааааааааа50;6
554;Name465;12-10-2019;аааааааааааааааааааааааааааааааааааааааааааааааа50;4
215;Name466;4-3-2017;ааааааааааааааааааааааааааааааааааааааааааааааааа51;0
416;Name467;11-11-2006;аааааааааааааааааааааааааааааааааааааааааааааааа50;8
280;Name468;23-4-2020;ааааааааааааааааааааааааааааааааааааааааааааааа49;3
912;Name469;9-6-2020;ааааааааааааааааааааааааааааааааааааааааааааааааа51;7
595;Name470;14-10-2009;ааааааааааааааааааааааааааааааааааааааааааааааа49;7
395;Name471;1-7-2009;ааааааааааааааааааааааааааааааааааааааааааааааааа51;0
935;Name472;9-5-2019;ааааааааааааааааааааааааааааааааааааааааааааааа49;9
919;Name473;18-4-2019;аааааааааааааааааааааааааааааааааааааааааааааааа50;9
778;Name474;27-9-2011;ааааааааааааааааааааааааааааааааааааааааааааааааа51;1
319;Name475;17-9-2006;ааааааааааааааааааааааааааааааааааааааааааааааа49;6
849;Name476;1-9-2016;аааааааааааааааааааааааааааааааааааааааааааааааа50;5
594;Name477;12-1-2015;аааааааааааааааааааааааааааааааааааааааааааааааа50;8
918;Name478;8-7-2007;аааааааааааааааааааааааааааааааааааааааааааааааа50;1
564;Name479;25-9-2005;ааааааааааааааааааааааааааааааааааааааааааааааа49;9
610;Name480;4-7-2006;ааааааааааааааааааааааааааааааааааааааааааааааа49;9
753;Name481;17-11-2020;аааааааааааааааааааааааааааааааааааааааааааааааа50;5
933;Name482;22-1-2007;ааааааааааааааааааааааааааааааааааааааааааааааааа51;8
613;Name483;11-8-2009;аааааааааааааааааааааааааааааааааааааааааааааааа50;5
825;Name484;20-11-2012;ааааааааааааааааааааааааааааааааааааааааааааааааа51;9
445;Name485;12-11-2012;ааааааааааааааааааааааааааааааааааааааааааааааа49;0
112;Name486;13-11-2007;аааааааааааааааааааааааааааааааааааааааааааааааа50;1
640;Name487;25-11-2012;аааааааааааааааааааааааааааааааааааааааааааааааа50;4
67;Name488;2-2-2011;аааааааааааааааааааааааааааааааааааааааааааааааа50;7
362;Name489;19-7-2013;ааааааааааааааааааааааааааааааааааааааааааааааа49;8
70;Name490;23-6-2010;ааааааааааааааааааааааааааааааааааааааааааааааа49;3
201;Name491;24-2-2015;ааааааааааааааааааааааааааааааааааааааааааааааааа51;2
797;Name492;10-9-2017;аааааааааааааааааааааааааааааааааааааааааааааааа50;5
32;Name493;22-10-2017;ааааааааааааааааааааааааааааааааааааааааааааааа49;1
903;Name494;8-8-2009;ааааааааааааааааааааааааааааааааааааааааааааааааа51;8
928;Name495;24-10-2010;ааааааааааааааааааааааааааааааааааааааааааааааа49;4
275;Name496;24-11-2011;ааааааааааааааааааааааааааааааааааааааааааааааа49;3
820;Name497;10-8-2011;аааааааааааааааааааааааааааааааааааааааааааааааа50;8
644;Name498;8-7-2006;аааааааааааааааааааааааааааааааааааааааааааааааа50;4
429;Name499;27-9-2014;аааааааааааааааааааааааааааааааааааааааааааааааа50;8
654;Name500;16-9-2007;ааааааааааааааааааааааааааааааааааааааааааааааааа51;3
52;Name501;2-7-2015;ааааааааааааааааааааааааааааааааааааааааааааааааа51;5
378;Name502;10-8-2017;ааааааааааааааааааааааааааааааааааааааааааааааа49;9
754;Name503;25-1-2018;аааааааааааааааааааааааааааааааааааааааааааааааа50;1
770;Name504;25-4-2020;ааааааааааааааааааааааааааааааааааааааааааааааа49;1
776;Name505;20-2-2013;аааааааааааааааааааааааааааааааааааааааааааааааа50;8
631;Name506;20-8-2009;ааааааааааааааааааааааааааааааааааааааааааааааааа51;4
161;Name507;26-3-2019;ааааааааааааааааааааааааааааааааааааааааааааааа49;4
337;Name508;18-3-2012;аааааааааааааааааааааааааааааааааааааааааааааааа50;2
988;Name509;27-10-2006;ааааааааааааааааааааааааааааааааааааааааааааааа49;5
868;Name510;9-3-2006;ааааааааааааааааааааааааааааааааааааааааааааааааа51;7
52;Name511;1-7-2018;ааааааааааааааааааааааааааааааааааааааааааааааа49;0
532;Name512;20-2-2009;ааааааааааааааааааааааааааааааааааааааааааааааа49;7
330;Name513;27-1-2009;ааааааааааааааааааааааааааааааааааааааааааааааааа51;6
232;Name514;9-8-2010;ааааааааааааааааааааааааааааааааааааааааааааааа49;3
267;Name515;1-5-2015;аааааааааааааааааааааааааааааааааааааааааааааааа50;6
215;Name516;21-2-2007;ааааааааааааааааааааааааааааааааааааааааааааааааа51;
579;Name517;20-9-2015;аааааааааааааааааааааааааааааааааааааааааааааааа50;9
848;Name518;2-9-2006;аааааааааааааааааааааааааааааааааааааааааааааааа50;9
152;Name519;12-8-2017;аааааааааааааааааааааааааааааааааааааааааааааааа50;3
238;Name520;17-4-2013;аааааааааааааааааааааааааааааааааааааааааааааааа50;1
467;Name521;14-1-2008;ааааааааааааааааааааааааааааааааааааааааааааааа49;0
333;Name522;4-1-2006;ааааааааааааааааааааааааааааааааааааааааааааааа49;8
67;Name523;5-7-2015;аааааааааааааааааааааааааааааааааааааааааааааааа50;8
597;Name524;21-6-2020;ааааааааааааааааааааааааааааааааааааааааааааааааа51;0
603;Name525;3-2-2018;аааааааааааааааааааааааааааааааааааааааааааааааа50;0
334;Name526;15-9-2015;ааааааааааааааааааааааааааааааааааааааааааааааа49;1
253;Name527;19-7-2016;ааааааааааааааааааааааааааааааааааааааааааааааа49;1
400;Name528;4-6-2012;аааааааааааааааааааааааааааааааааааааааааааааааа50;
572;Name529;20-3-2009;ааааааааааааааааааааааааааааааааааааааааааааааааа51;0
223;Name530;6-4-2014;ааааааааааааааааааааааааааааааааааааааааааааааа49;1
220;Name531;22-3-2016;аааааааааааааааааааааааааааааааааааааааааааааааа50;8
869;Name532;5-7-2011;аааааааааааааааааааааааааааааааааааааааааааааааа50;2
481;Name533;12-1-2007;аааааааааааааааааааааааааааааааааааааааааааааааа50;5
291;Name534;6-3-2014;аааааааааааааааааааааааааааааааааааааааааааааааа50;7
89;Name535;21-5-2011;ааааааааааааааааааааааааааааааааааааааааааааааааа51;6
881;Name536;21-4-2007;аааааааааааааааааааааааааааааааааааааааааааааааа50;3
499;Name537;16-1-2010;ааааааааааааааааааааааааааааааааааааааааааааааа49;7
57;Name538;20-4-2020;аааааааааааааааааааааааааааааааааааааааааааааааа50;7
539;Name539;20-8-2019;ааааааааааааааааааааааааааааааааааааааааааааааа49;8
756;Name540;18-5-2010;ааааааааааааааааааааааааааааааааааааааааааааааа49;7
198;Name541;3-4-2005;ааааааааааааааааааааааааааааааааааааааааааааааааа51;
536;Name542;12-4-2007;ааааааааааааааааааааааааааааааааааааааааааааааа49;9
287;Name543;2-8-2019;ааааааааааааааааааааааааааааааааааааааааааааааа49;6
285;Name544;13-8-2015;ааааааааааааааааааааааааааааааааааааааааааааааа49;1
711;Name545;26-10-2010;ааааааааааааааааааааааааааааааааааааааааааааааа49;8
582;Name546;18-1-2006;аааааааааааааааааааааааааааааааааааааааааааааааа50;4
264;Name547;7-6-2020;ааааааааааааааааааааааааааааааааааааааааааааааааа51;4
223;Name548;9-2-2010;ааааааааааааааааааааааааааааааааааааааааааааааааа51;1
37;Name549;7-7-2009;ааааааааааааааааааааааааааааааааааааааааааааааааа51;3
654;Name550;2-3-2015;ааааааааааааааааааааааааааааааааааааааааааааааааа51;7
913;Name551;27-3-2011;аааааааааааааааааааааааааааааааааааааааааааааааа50;9
731;Name552;14-8-2009;аааааааааааааааааааааааааааааааааааааааааааааааа50;7
988;Name553;15-9-2020;ааааааааааааааааааааааааааааааааааааааааааааааааа51;9
614;Name554;27-9-2007;ааааааааааааааааааааааааааааааааааааааааааааааа49;1
267;Name555;2-7-2011;ааааааааааааааааааааааааааааааааааааааааааааааааа51;2
495;Name556;27-9-2012;ааааааааааааааааааааааааааааааааааааааааааааааа49;5
630;Name557;1-11-2005;аааааааааааааааааааааааааааааааааааааааааааааааа50;0
412;Name558;2-7-2013;ааааааааааааааааааааааааааааааааааааааааааааааа49;6
721;Name559;19-1-2015;ааааааааааааааааааааааааааааааааааааааааааааааа49;7
502;Name560;26-2-2020;аааааааааааааааааааааааааааааааааааааааааааааааа50;2
197;Name561;18-9-2009;аааааааааааааааааааааааааааааааааааааааааааааааа50;9
764;Name562;4-2-2019;аааааааааааааааааааааааааааааааааааааааааааааааа50;3
697;Name563;21-2-2020;аааааааааааааааааааааааааааааааааааааааааааааааа50;
710;Name564;26-3-2018;ааааааааааааааааааааааааааааааааааааааааааааааааа51;4
828;Name565;14-11-2006;аааааааааааааааааааааааааааааааааааааааааааааааа50;9
178;Name566;21-2-2012;аааааааааааааааааааааааааааааааааааааааааааааааа50;1
571;Name567;10-8-2019;ааааааааааааааааааааааааааааааааааааааааааааааааа51;5
78;Name568;18-8-2009;ааааааааааааааааааааааааааааааааааааааааааааааааа51;0
632;Name569;19-10-2013;аааааааааааааааааааааааааааааааааааааааааааааааа50;9
926;Name570;1-7-2014;ааааааааааааааааааааааааааааааааааааааааааааааа49;8
576;Name571;23-1-2016;ааааааааааааааааааааааааааааааааааааааааааааааааа51;7
704;Name572;20-6-2018;аааааааааааааааааааааааааааааааааааааааааааааааа50;3
886;Name573;24-1-2010;ааааааааааааааааааааааааааааааааааааааааааааааа49;7
843;Name574;13-3-2012;аааааааааааааааааааааааааааааааааааааааааааааааа50;2
565;Name575;19-8-2018;аааааааааааааааааааааааааааааааааааааааааааааааа50;6
41;Name576;24-8-2013;ааааааааааааааааааааааааааааааааааааааааааааааа49;7
420;Name577;6-2-2017;ааааааааааааааааааааааааааааааааааааааааааааааа49;2
15;Name578;5-4-2008;ааааааааааааааааааааааааааааааааааааааааааааааааа51;7
826;Name579;9-7-2011;аааааааааааааааааааааааааааааааааааааааааааааааа50;2
419;Name580;19-1-2011;ааааааааааааааааааааааааааааааааааааааааааааааа49;0
461;Name581;2-7-2017;ааааааааааааааааааааааааааааааааааааааааааааааа49;8
754;Name582;3-10-2016;ааааааааааааааааааааааааааааааааааааааааааааааааа51;0
354;Name583;23-9-2012;ааааааааааааааааааааааааааааааааааааааааааааааааа51;9
365;Name584;2-4-2007;ааааааааааааааааааааааааааааааааааааааааааааааа49;0
493;Name585;24-1-2013;ааааааааааааааааааааааааааааааааааааааааааааааааа51;8
450;Name586;19-8-2018;аааааааааааааааааааааааааааааааааааааааааааааааа50;1
244;Name587;1-3-2017;аааааааааааааааааааааааааааааааааааааааааааааааа50;2
442;Name588;2-2-2020;ааааааааааааааааааааааааааааааааааааааааааааааа49;3
930;Name589;3-4-2019;аааааааааааааааааааааааааааааааааааааааааааааааа50;0
139;Name590;8-4-2009;ааааааааааааааааааааааааааааааааааааааааааааааа49;1
146;Name591;15-10-2020;аааааааааааааааааааааааааааааааааааааааааааааааа50;3
585;Name592;26-1-2008;ааааааааааааааааааааааааааааааааааааааааааааааааа51;8
625;Name593;5-5-2007;ааааааааааааааааааааааааааааааааааааааааааааааааа51;3
915;Name594;9-9-2009;аааааааааааааааааааааааааааааааааааааааааааааааа50;3
913;Name595;14-11-2015;ааааааааааааааааааааааааааааааааааааааааааааааааа51;6
177;Name596;6-5-2014;аааааааааааааааааааааааааааааааааааааааааааааааа50;5
529;Name597;19-4-2011;аааааааааааааааааааааааааааааааааааааааааааааааа50;3
543;Name598;3-10-2007;ааааааааааааааааааааааааааааааааааааааааааааааа49;0
904;Name599;25-8-2007;ааааааааааааааааааааааааааааааааааааааааааааааа49;3
336;Name600;3-7-2015;аааааааааааааааааааааааааааааааааааааааааааааааа50;4
37;Name601;15-4-2011;ааааааааааааааааааааааааааааааааааааааааааааааааа51;5
847;Name602;27-9-2014;аааааааааааааааааааааааааааааааааааааааааааааааа50;0
563;Name603;9-5-2008;ааааааааааааааааааааааааааааааааааааааааааааааа49;2
139;Name604;11-4-2008;аааааааааааааааааааааааааааааааааааааааааааааааа50;3
797;Name605;10-8-2006;ааааааааааааааааааааааааааааааааааааааааааааааааа51;5
772;Name606;19-3-2011;ааааааааааааааааааааааааааааааааааааааааааааааа49;4
236;Name607;1-4-2009;аааааааааааааааааааааааааааааааааааааааааааааааа50;8
782;Name608;5-8-2005;аааааааааааааааааааааааааааааааааааааааааааааааа50;3
67;Name609;19-9-2008;аааааааааааааааааааааааааааааааааааааааааааааааа50;8
191;Name610;24-6-2017;ааааааааааааааааааааааааааааааааааааааааааааааа49;
362;Name611;7-9-2012;аааааааааааааааааааааааааааааааааааааааааааааааа50;8
882;Name612;10-2-2016;ааааааааааааааааааааааааааааааааааааааааааааааа49;3
847;Name613;2-4-2017;ааааааааааааааааааааааааааааааааааааааааааааааааа51;3
830;Name614;5-8-2015;ааааааааааааааааааааааааааааааааааааааааааааааааа51;6
471;Name615;17-6-2013;ааааааааааааааааааааааааааааааааааааааааааааааа49;3
421;Name616;15-3-2009;аааааааааааааааааааааааааааааааааааааааааааааааа50;1
410;Name617;4-6-2009;аааааааааааааааааааааааааааааааааааааааааааааааа50;7
912;Name618;18-10-2006;ааааааааааааааааааааааааааааааааааааааааааааааааа51;3
657;Name619;20-5-2006;аааааааааааааааааааааааааааааааааааааааааааааааа50;
54;Name620;23-7-2007;аааааааааааааааааааааааааааааааааааааааааааааааа50;1
945;Name621;8-8-2013;аааааааааааааааааааааааааааааааааааааааааааааааа50;9
371;Name622;17-5-2019;аааааааааааааааааааааааааааааааааааааааааааааааа50;9
435;Name623;8-3-2007;ааааааааааааааааааааааааааааааааааааааааааааааааа51;5
761;Name624;18-9-2009;аааааааааааааааааааааааааааааааааааааааааааааааа50;0
421;Name625;25-5-2012;аааааааааааааааааааааааааааааааааааааааааааааааа50;6
752;Name626;11-11-2016;ааааааааааааааааааааааааааааааааааааааааааааааа49;3
158;Name627;10-4-2019;аааааааааааааааааааааааааааааааааааааааааааааааа50;7
81;Name628;19-10-2018;ааааааааааааааааааааааааааааааааааааааааааааааааа51;1
914;Name629;16-4-2006;ааааааааааааааааааааааааааааааааааааааааааааааааа51;1
144;Name630;10-3-2010;аааааааааааааааааааааааааааааааааааааааааааааааа50;1
411;Name631;24-2-2009;ааааааааааааааааааааааааааааааааааааааааааааааааа51;9
389;Name632;18-9-2020;ааааааааааааааааааааааааааааааааааааааааааааааааа51;5
982;Name633;17-7-2010;ааааааааааааааааааааааааааааааааааааааааааааааааа51;0
748;Name634;23-5-2019;ааааааааааааааааааааааааааааааааааааааааааааааа49;6
50;Name635;12-5-2007;ааааааааааааааааааааааааааааааааааааааааааааааааа51;5
978;Name636;24-5-2019;ааааааааааааааааааааааааааааааааааааааааааааааааа51;8
846;Name637;18-4-2016;ааааааааааааааааааааааааааааааааааааааааааааааааа51;1
953;Name638;4-3-2010;ааааааааааааааааааааааааааааааааааааааааааааааа49;
794;Name639;12-10-2015;аааааааааааааааааааааааааааааааааааааааааааааааа50;1
901;Name640;22-7-2008;ааааааааааааааааааааааааааааааааааааааааааааааааа51;6
444;Name641;16-5-2014;ааааааааааааааааааааааааааааааааааааааааааааааа49;0
999;Name642;23-1-2019;ааааааааааааааааааааааааааааааааааааааааааааааа49;
561;Name643;18-1-2011;ааааааааааааааааааааааааааааааааааааааааааааааааа51;1
800;Name644;8-8-2017;ааааааааааааааааааааааааааааааааааааааааааааааа49;1
637;Name645;21-5-2013;аааааааааааааааааааааааааааааааааааааааааааааааа50;3
613;Name646;24-4-2006;ааааааааааааааааааааааааааааааааааааааааааааааааа51;
938;Name647;3-11-2005;аааааааааааааааааааааааааааааааааааааааааааааааа50;2
233;Name648;11-1-2018;ааааааааааааааааааааааааааааааааааааааааааааааааа51;5
124;Name649;9-11-2011;ааааааааааааааааааааааааааааааааааааааааааааааааа51;3
192;Name650;15-5-2019;аааааааааааааааааааааааааааааааааааааааааааааааа50;9
471;Name651;26-2-2020;ааааааааааааааааааааааааааааааааааааааааааааааа49;2
199;Name652;6-11-2011;ааааааааааааааааааааааааааааааааааааааааааааааа49;7
836;Name653;23-11-2010;ааааааааааааааааааааааааааааааааааааааааааааааа49;0
414;Name654;2-9-2020;ааааааааааааааааааааааааааааааааааааааааааааааааа51;1
693;Name655;2-10-2009;ааааааааааааааааааааааааааааааааааааааааааааааааа51;3
849;Name656;25-1-2020;ааааааааааааааааааааааааааааааааааааааааааааааааа51;1
880;Name657;4-3-2015;ааааааааааааааааааааааааааааааааааааааааааааааааа51;9
373;Name658;20-11-2014;ааааааааааааааааааааааааааааааааааааааааааааааааа51;1
48;Name659;5-5-2008;ааааааааааааааааааааааааааааааааааааааааааааааа49;7
632;Name660;21-7-2015;аааааааааааааааааааааааааааааааааааааааааааааааа50;
306;Name661;22-5-2020;ааааааааааааааааааааааааааааааааааааааааааааааа49;0
584;Name662;24-2-2010;аааааааааааааааааааааааааааааааааааааааааааааааа50;
133;Name663;25-10-2006;ааааааааааааааааааааааааааааааааааааааааааааааа49;8
322;Name664;5-1-2005;ааааааааааааааааааааааааааааааааааааааааааааааааа51;5
244;Name665;3-4-2014;ааааааааааааааааааааааааааааааааааааааааааааааааа51;7
484;Name666;19-7-2014;аааааааааааааааааааааааааааааааааааааааааааааааа50;5
936;Name667;11-6-2012;аааааааааааааааааааааааааааааааааааааааааааааааа50;6
692;Name668;24-10-2020;ааааааааааааааааааааааааааааааааааааааааааааааа49;6
211;Name669;13-5-2010;ааааааааааааааааааааааааааааааааааааааааааааааааа51;2
263;Name670;26-4-2017;ааааааааааааааааааааааааааааааааааааааааааааааааа51;1
973;Name671;9-10-2008;ааааааааааааааааааааааааааааааааааааааааааааааа49;4
789;Name672;18-6-2014;ааааааааааааааааааааааааааааааааааааааааааааааааа51;0
623;Name673;26-11-2014;ааааааааааааааааааааааааааааааааааааааааааааааааа51;6
147;Name674;16-5-2013;ааааааааааааааааааааааааааааааааааааааааааааааа49;6
494;Name675;17-10-2009;ааааааааааааааааааааааааааааааааааааааааааааааа49;1
60;Name676;12-5-2014;аааааааааааааааааааааааааааааааааааааааааааааааа50;8
810;Name677;5-6-2020;ааааааааааааааааааааааааааааааааааааааааааааааааа51;7
477;Name678;17-3-2019;аааааааааааааааааааааааааааааааааааааааааааааааа50;7
189;Name679;7-10-2018;ааааааааааааааааааааааааааааааааааааааааааааааааа51;0
786;Name680;15-7-2008;ааааааааааааааааааааааааааааааааааааааааааааааааа51;3
72;Name681;16-2-2012;ааааааааааааааааааааааааааааааааааааааааааааааааа51;7
200;Name682;24-3-2015;аааааааааааааааааааааааааааааааааааааааааааааааа50;4
50;Name683;8-7-2018;ааааааааааааааааааааааааааааааааааааааааааааааа49;9
592;Name684;18-10-2020;ааааааааааааааааааааааааааааааааааааааааааааааа49;6
574;Name685;8-9-2017;аааааааааааааааааааааааааааааааааааааааааааааааа50;0
613;Name686;6-10-2010;ааааааааааааааааааааааааааааааааааааааааааааааа49;
310;Name687;1-7-2016;ааааааааааааааааааааааааааааааааааааааааааааааааа51;9
962;Name688;6-11-2014;аааааааааааааааааааааааааааааааааааааааааааааааа50;5
124;Name689;16-11-2017;ааааааааааааааааааааааааааааааааааааааааааааааааа51;0
489;Name690;19-11-2017;ааааааааааааааааааааааааааааааааааааааааааааааа49;2
624;Name691;6-11-2017;ааааааааааааааааааааааааааааааааааааааааааааааааа51;9
41;Name692;24-10-2015;аааааааааааааааааааааааааааааааааааааааааааааааа50;2
115;Name693;23-5-2018;ааааааааааааааааааааааааааааааааааааааааааааааа49;7
905;Name694;17-10-2007;аааааааааааааааааааааааааааааааааааааааааааааааа50;1
920;Name695;17-8-2008;ааааааааааааааааааааааааааааааааааааааааааааааааа51;2
168;Name696;9-10-2016;аааааааааааааааааааааааааааааааааааааааааааааааа50;2
194;Name697;23-8-2005;ааааааааааааааааааааааааааааааааааааааааааааааа49;7
419;Name698;4-2-2016;ааааааааааааааааааааааааааааааааааааааааааааааа49;4
575;Name699;7-2-2013;ааааааааааааааааааааааааааааааааааааааааааааааа49;1
891;Name700;18-7-2007;ааааааааааааааааааааааааааааааааааааааааааааааа49;4
431;Name701;7-8-2010;аааааааааааааааааааааааааааааааааааааааааааааааа50;
416;Name702;18-8-2015;ааааааааааааааааааааааааааааааааааааааааааааааа49;9
842;Name703;3-6-2013;ааааааааааааааааааааааааааааааааааааааааааааааааа51;1
432;Name704;10-3-2009;ааааааааааааааааааааааааааааааааааааааааааааааааа51;9
47;Name705;20-3-2019;ааааааааааааааааааааааааааааааааааааааааааааааааа51;8
751;Name706;6-10-2012;ааааааааааааааааааааааааааааааааааааааааааааааа49;3
696;Name707;14-10-2015;ааааааааааааааааааааааааааааааааааааааааааааааа49;7
840;Name708;23-3-2018;аааааааааааааааааааааааааааааааааааааааааааааааа50;2
977;Name709;14-4-2010;аааааааааааааааааааааааааааааааааааааааааааааааа50;2
32;Name710;6-11-2016;ааааааааааааааааааааааааааааааааааааааааааааааа49;9
513;Name711;20-5-2011;ааааааааааааааааааааааааааааааааааааааааааааааа49;7
309;Name712;24-4-2015;ааааааааааааааааааааааааааааааааааааааааааааааа49;3
833;Name713;5-5-2013;ааааааааааааааааааааааааааааааааааааааааааааааа49;
156;Name714;5-6-2010;аааааааааааааааааааааааааааааааааааааааааааааааа50;0
250;Name715;5-4-2012;аааааааааааааааааааааааааааааааааааааааааааааааа50;0
395;Name716;10-8-2013;ааааааааааааааааааааааааааааааааааааааааааааааа49;4
38;Name717;2-8-2016;ааааааааааааааааааааааааааааааааааааааааааааааа49;8
950;Name718;26-10-2006;аааааааааааааааааааааааааааааааааааааааааааааааа50;5
54;Name719;7-6-2020;аааааааааааааааааааааааааааааааааааааааааааааааа50;7
107;Name720;1-4-2018;ааааааааааааааааааааааааааааааааааааааааааааааа49;
187;Name721;2-10-2008;ааааааааааааааааааааааааааааааааааааааааааааааа49;
25;Name722;5-11-2006;аааааааааааааааааааааааааааааааааааааааааааааааа50;6
445;Name723;24-4-2017;ааааааааааааааааааааааааааааааааааааааааааааааа49;6
107;Name724;26-4-2018;ааааааааааааааааааааааааааааааааааааааааааааааааа51;0
926;Name725;1-5-2020;ааааааааааааааааааааааааааааааааааааааааааааааааа51;0
185;Name726;13-3-2020;аааааааааааааааааааааааааааааааааааааааааааааааа50;1
528;Name727;9-11-2016;ааааааааааааааааааааааааааааааааааааааааааааааа49;3
498;Name728;22-1-2016;аааааааааааааааааааааааааааааааааааааааааааааааа50;4
892;Name729;4-3-2006;ааааааааааааааааааааааааааааааааааааааааааааааааа51;6
29;Name730;14-4-2008;ааааааааааааааааааааааааааааааааааааааааааааааааа51;5
853;Name731;19-1-2015;ааааааааааааааааааааааааааааааааааааааааааааааааа51;2
929;Name732;14-8-2013;ааааааааааааааааааааааааааааааааааааааааааааааа49;
497;Name733;21-7-2013;ааааааааааааааааааааааааааааааааааааааааааааааа49;
559;Name734;18-9-2016;аааааааааааааааааааааааааааааааааааааааааааааааа50;4
895;Name735;25-7-2018;ааааааааааааааааааааааааааааааааааааааааааааааааа51;
5;Name736;22-10-2013;аааааааааааааааааааааааааааааааааааааааааааааааа50;6
620;Name737;14-6-2015;ааааааааааааааааааааааааааааааааааааааааааааааааа51;7
937;Name738;3-6-2019;ааааааааааааааааааааааааааааааааааааааааааааааа49;2
271;Name739;21-4-2016;ааааааааааааааааааааааааааааааааааааааааааааааа49;5
209;Name740;7-5-2013;аааааааааааааааааааааааааааааааааааааааааааааааа50;4
477;Name741;7-9-2010;ааааааааааааааааааааааааааааааааааааааааааааааа49;6
719;Name742;2-9-2006;аааааааааааааааааааааааааааааааааааааааааааааааа50;1
153;Name743;4-5-2006;ааааааааааааааааааааааааааааааааааааааааааааааа49;1
863;Name744;15-2-2009;ааааааааааааааааааааааааааааааааааааааааааааааааа51;6
227;Name745;3-4-2016;ааааааааааааааааааааааааааааааааааааааааааааааааа51;4
188;Name746;10-8-2006;ааааааааааааааааааааааааааааааааааааааааааааааааа51;8
518;Name747;17-11-2005;ааааааааааааааааааааааааааааааааааааааааааааааааа51;8
800;Name748;19-10-2008;ааааааааааааааааааааааааааааааааааааааааааааааа49;0
106;Name749;16-11-2011;ааааааааааааааааааааааааааааааааааааааааааааааааа51;8
636;Name750;12-8-2008;аааааааааааааааааааааааааааааааааааааааааааааааа50;0
169;Name751;11-3-2019;ааааааааааааааааааааааааааааааааааааааааааааааа49;9
773;Name752;3-6-2017;аааааааааааааааааааааааааааааааааааааааааааааааа50;7
119;Name753;18-1-2018;ааааааааааааааааааааааааааааааааааааааааааааааа49;5
705;Name754;20-3-2012;ааааааааааааааааааааааааааааааааааааааааааааааааа51;2
681;Name755;18-6-2015;аааааааааааааааааааааааааааааааааааааааааааааааа50;3
813;Name756;15-3-2018;ааааааааааааааааааааааааааааааааааааааааааааааааа51;7
603;Name757;3-11-2007;ааааааааааааааааааааааааааааааааааааааааааааааа49;7
128;Name758;18-6-2009;аааааааааааааааааааааааааааааааааааааааааааааааа50;1
708;Name759;5-11-2008;ааааааааааааааааааааааааааааааааааааааааааааааа49;8
16;Name760;19-3-2009;ааааааааааааааааааааааааааааааааааааааааааааааааа51;9
188;Name761;16-6-2014;ааааааааааааааааааааааааааааааааааааааааааааааа49;
488;Name762;7-6-2018;аааааааааааааааааааааааааааааааааааааааааааааааа50;2
297;Name763;26-8-2009;аааааааааааааааааааааааааааааааааааааааааааааааа50;4
492;Name764;27-10-2015;ааааааааааааааааааааааааааааааааааааааааааааааааа51;6
947;Name765;3-2-2010;аааааааааааааааааааааааааааааааааааааааааааааааа50;3
865;Name766;11-4-2007;ааааааааааааааааааааааааааааааааааааааааааааааа49;5
150;Name767;13-7-2010;ааааааааааааааааааааааааааааааааааааааааааааааааа51;6
461;Name768;8-6-2005;ааааааааааааааааааааааааааааааааааааааааааааааа49;1
807;Name769;13-4-2014;аааааааааааааааааааааааааааааааааааааааааааааааа50;5
432;Name770;25-8-2015;ааааааааааааааааааааааааааааааааааааааааааааааа49;9
978;Name771;24-9-2014;аааааааааааааааааааааааааааааааааааааааааааааааа50;8
715;Name772;7-2-2005;аааааааааааааааааааааааааааааааааааааааааааааааа50;
465;Name773;22-3-2015;ааааааааааааааааааааааааааааааааааааааааааааааааа51;4
404;Name774;13-2-2008;ааааааааааааааааааааааааааааааааааааааааааааааа49;5
395;Name775;13-2-2014;ааааааааааааааааааааааааааааааааааааааааааааааааа51;6
943;Name776;5-9-2015;ааааааааааааааааааааааааааааааааааааааааааааааааа51;2
401;Name777;7-11-2012;ааааааааааааааааааааааааааааааааааааааааааааааа49;1
918;Name778;6-6-2008;ааааааааааааааааааааааааааааааааааааааааааааааааа51;1
980;Name779;27-9-2012;аааааааааааааааааааааааааааааааааааааааааааааааа50;8
631;Name780;16-10-2008;ааааааааааааааааааааааааааааааааааааааааааааааа49;0
747;Name781;23-8-2008;аааааааааааааааааааааааааааааааааааааааааааааааа50;5
704;Name782;22-1-2016;ааааааааааааааааааааааааааааааааааааааааааааааааа51;8
468;Name783;21-8-2019;ааааааааааааааааааааааааааааааааааааааааааааааа49;5
531;Name784;26-4-2011;аааааааааааааааааааааааааааааааааааааааааааааааа50;4
73;Name785;8-10-2011;ааааааааааааааааааааааааааааааааааааааааааааааааа51;6
655;Name786;27-9-2016;ааааааааааааааааааааааааааааааааааааааааааааааа49;7
206;Name787;26-8-2016;ааааааааааааааааааааааааааааааааааааааааааааааа49;8
921;Name788;9-3-2007;аааааааааааааааааааааааааааааааааааааааааааааааа50;9
374;Name789;11-5-2011;ааааааааааааааааааааааааааааааааааааааааааааааа49;2
658;Name790;27-6-2017;аааааааааааааааааааааааааааааааааааааааааааааааа50;9
305;Name791;19-9-2010;ааааааааааааааааааааааааааааааааааааааааааааааа49;
154;Name792;24-7-2011;аааааааааааааааааааааааааааааааааааааааааааааааа50;2
805;Name793;25-8-2015;аааааааааааааааааааааааааааааааааааааааааааааааа50;
270;Name794;4-8-2016;ааааааааааааааааааааааааааааааааааааааааааааааааа51;6
158;Name795;17-2-2010;ааааааааааааааааааааааааааааааааааааааааааааааа49;6
190;Name796;9-5-2005;ааааааааааааааааааааааааааааааааааааааааааааааа49;7
959;Name797;15-2-2015;ааааааааааааааааааааааааааааааааааааааааааааааа49;2
126;Name798;24-3-2010;аааааааааааааааааааааааааааааааааааааааааааааааа50;5
236;Name799;1-9-2014;аааааааааааааааааааааааааааааааааааааааааааааааа50;0
133;Name800;26-7-2006;аааааааааааааааааааааааааааааааааааааааааааааааа50;9
724;Name801;27-9-2014;ааааааааааааааааааааааааааааааааааааааааааааааа49;0
154;Name802;4-8-2016;аааааааааааааааааааааааааааааааааааааааааааааааа50;2
331;Name803;2-8-2020;ааааааааааааааааааааааааааааааааааааааааааааааааа51;1
981;Name804;18-10-2016;ааааааааааааааааааааааааааааааааааааааааааааааа49;5
16;Name805;13-2-2007;аааааааааааааааааааааааааааааааааааааааааааааааа50;0
971;Name806;4-8-2018;ааааааааааааааааааааааааааааааааааааааааааааааааа51;2
664;Name807;8-8-2010;аааааааааааааааааааааааааааааааааааааааааааааааа50;
69;Name808;12-5-2019;аааааааааааааааааааааааааааааааааааааааааааааааа50;5
931;Name809;26-1-2017;ааааааааааааааааааааааааааааааааааааааааааааааа49;1
66;Name810;12-3-2007;ааааааааааааааааааааааааааааааааааааааааааааааааа51;
538;Name811;27-5-2006;ааааааааааааааааааааааааааааааааааааааааааааааа49;6
937;Name812;20-4-2020;ааааааааааааааааааааааааааааааааааааааааааааааааа51;1
122;Name813;13-3-2018;аааааааааааааааааааааааааааааааааааааааааааааааа50;8
603;Name814;5-8-2007;ааааааааааааааааааааааааааааааааааааааааааааааа49;7
425;Name815;1-8-2011;ааааааааааааааааааааааааааааааааааааааааааааааааа51;0
621;Name816;1-8-2014;ааааааааааааааааааааааааааааааааааааааааааааааааа51;1
401;Name817;17-10-2020;ааааааааааааааааааааааааааааааааааааааааааааааааа51;6
988;Name818;4-2-2007;ааааааааааааааааааааааааааааааааааааааааааааааааа51;9
690;Name819;24-6-2006;ааааааааааааааааааааааааааааааааааааааааааааааа49;3
565;Name820;13-10-2014;ааааааааааааааааааааааааааааааааааааааааааааааа49;4
924;Name821;9-8-2006;аааааааааааааааааааааааааааааааааааааааааааааааа50;4
517;Name822;10-10-2019;аааааааааааааааааааааааааааааааааааааааааааааааа50;4
346;Name823;21-6-2020;ааааааааааааааааааааааааааааааааааааааааааааааа49;2
665;Name824;10-3-2010;аааааааааааааааааааааааааааааааааааааааааааааааа50;
442;Name825;23-11-2009;ааааааааааааааааааааааааааааааааааааааааааааааааа51;5
734;Name826;23-11-2013;ааааааааааааааааааааааааааааааааааааааааааааааааа51;0
510;Name827;12-5-2015;аааааааааааааааааааааааааааааааааааааааааааааааа50;4
154;Name828;24-4-2010;ааааааааааааааааааааааааааааааааааааааааааааааа49;5
445;Name829;7-4-2013;ааааааааааааааааааааааааааааааааааааааааааааааааа51;9
347;Name830;24-4-2019;аааааааааааааааааааааааааааааааааааааааааааааааа50;4
494;Name831;4-4-2016;ааааааааааааааааааааааааааааааааааааааааааааааа49;3
322;Name832;5-7-2009;ааааааааааааааааааааааааааааааааааааааааааааааааа51;6
233;Name833;23-3-2018;ааааааааааааааааааааааааааааааааааааааааааааааааа51;9
809;Name834;10-5-2006;аааааааааааааааааааааааааааааааааааааааааааааааа50;0
682;Name835;9-2-2020;ааааааааааааааааааааааааааааааааааааааааааааааааа51;5
300;Name836;27-10-2005;аааааааааааааааааааааааааааааааааааааааааааааааа50;7
205;Name837;4-9-2009;аааааааааааааааааааааааааааааааааааааааааааааааа50;
916;Name838;10-3-2005;аааааааааааааааааааааааааааааааааааааааааааааааа50;5
616;Name839;8-11-2015;ааааааааааааааааааааааааааааааааааааааааааааааа49;1
373;Name840;6-6-2012;ааааааааааааааааааааааааааааааааааааааааааааааа49;2
912;Name841;1-1-2016;ааааааааааааааааааааааааааааааааааааааааааааааа49;8
33;Name842;11-6-2005;ааааааааааааааааааааааааааааааааааааааааааааааааа51;1
961;Name843;13-5-2016;ааааааааааааааааааааааааааааааааааааааааааааааааа51;0
580;Name844;2-2-2015;ааааааааааааааааааааааааааааааааааааааааааааааааа51;4
667;Name845;13-11-2015;ааааааааааааааааааааааааааааааааааааааааааааааааа51;2
794;Name846;9-4-2018;ааааааааааааааааааааааааааааааааааааааааааааааааа51;4
269;Name847;27-7-2008;аааааааааааааааааааааааааааааааааааааааааааааааа50;0
552;Name848;3-3-2007;аааааааааааааааааааааааааааааааааааааааааааааааа50;3
748;Name849;2-1-2006;ааааааааааааааааааааааааааааааааааааааааааааааа49;7
403;Name850;27-11-2019;аааааааааааааааааааааааааааааааааааааааааааааааа50;1
701;Name851;3-2-2013;ааааааааааааааааааааааааааааааааааааааааааааааа49;0
843;Name852;21-3-2013;аааааааааааааааааааааааааааааааааааааааааааааааа50;1
499;Name853;14-5-2009;ааааааааааааааааааааааааааааааааааааааааааааааааа51;8
854;Name854;23-11-2020;ааааааааааааааааааааааааааааааааааааааааааааааааа51;
140;Name855;13-6-2018;аааааааааааааааааааааааааааааааааааааааааааааааа50;5
216;Name856;12-2-2014;ааааааааааааааааааааааааааааааааааааааааааааааааа51;6
863;Name857;26-3-2015;ааааааааааааааааааааааааааааааааааааааааааааааа49;2
724;Name858;2-5-2007;ааааааааааааааааааааааааааааааааааааааааааааааааа51;5
343;Name859;7-5-2010;ааааааааааааааааааааааааааааааааааааааааааааааааа51;8
629;Name860;6-4-2019;аааааааааааааааааааааааааааааааааааааааааааааааа50;1
144;Name861;7-1-2005;ааааааааааааааааааааааааааааааааааааааааааааааааа51;3
343;Name862;8-6-2010;ааааааааааааааааааааааааааааааааааааааааааааааааа51;5
67;Name863;11-6-2019;ааааааааааааааааааааааааааааааааааааааааааааааа49;3
890;Name864;23-2-2011;ааааааааааааааааааааааааааааааааааааааааааааааа49;5
34;Name865;18-1-2011;ааааааааааааааааааааааааааааааааааааааааааааааааа51;0
489;Name866;16-7-2020;ааааааааааааааааааааааааааааааааааааааааааааааааа51;5
331;Name867;27-1-2020;ааааааааааааааааааааааааааааааааааааааааааааааа49;9
223;Name868;17-4-2005;ааааааааааааааааааааааааааааааааааааааааааааааа49;8
214;Name869;9-8-2010;аааааааааааааааааааааааааааааааааааааааааааааааа50;4
941;Name870;13-1-2019;ааааааааааааааааааааааааааааааааааааааааааааааааа51;5
234;Name871;11-7-2009;ааааааааааааааааааааааааааааааааааааааааааааааааа51;5
205;Name872;26-2-2019;ааааааааааааааааааааааааааааааааааааааааааааааа49;3
50;Name873;14-2-2015;ааааааааааааааааааааааааааааааааааааааааааааааааа51;
502;Name874;3-9-2014;аааааааааааааааааааааааааааааааааааааааааааааааа50;
982;Name875;6-9-2019;ааааааааааааааааааааааааааааааааааааааааааааааа49;5
835;Name876;27-5-2011;аааааааааааааааааааааааааааааааааааааааааааааааа50;6
198;Name877;3-6-2019;аааааааааааааааааааааааааааааааааааааааааааааааа50;3
342;Name878;20-9-2009;аааааааааааааааааааааааааааааааааааааааааааааааа50;1
77;Name879;16-6-2016;ааааааааааааааааааааааааааааааааааааааааааааааааа51;4
692;Name880;20-7-2010;ааааааааааааааааааааааааааааааааааааааааааааааа49;0
145;Name881;10-6-2008;ааааааааааааааааааааааааааааааааааааааааааааааааа51;2
775;Name882;17-5-2008;аааааааааааааааааааааааааааааааааааааааааааааааа50;9
787;Name883;21-4-2009;ааааааааааааааааааааааааааааааааааааааааааааааа49;6
412;Name884;9-5-2009;ааааааааааааааааааааааааааааааааааааааааааааааааа51;7
987;Name885;15-3-2008;аааааааааааааааааааааааааааааааааааааааааааааааа50;9
822;Name886;8-3-2017;ааааааааааааааааааааааааааааааааааааааааааааааааа51;
367;Name887;27-2-2013;аааааааааааааааааааааааааааааааааааааааааааааааа50;3
982;Name888;10-3-2017;ааааааааааааааааааааааааааааааааааааааааааааааааа51;6
991;Name889;14-9-2011;аааааааааааааааааааааааааааааааааааааааааааааааа50;
162;Name890;1-5-2013;ааааааааааааааааааааааааааааааааааааааааааааааааа51;2
655;Name891;22-2-2019;ааааааааааааааааааааааааааааааааааааааааааааааа49;1
569;Name892;19-2-2019;ааааааааааааааааааааааааааааааааааааааааааааааааа51;5
716;Name893;5-1-2012;аааааааааааааааааааааааааааааааааааааааааааааааа50;4
326;Name894;16-10-2005;ааааааааааааааааааааааааааааааааааааааааааааааа49;
989;Name895;15-8-2017;аааааааааааааааааааааааааааааааааааааааааааааааа50;7
860;Name896;18-5-2008;ааааааааааааааааааааааааааааааааааааааааааааааааа51;1
762;Name897;2-1-2010;ааааааааааааааааааааааааааааааааааааааааааааааа49;9
254;Name898;19-10-2006;ааааааааааааааааааааааааааааааааааааааааааааааааа51;0
605;Name899;26-1-2015;аааааааааааааааааааааааааааааааааааааааааааааааа50;3
162;Name900;7-4-2014;ааааааааааааааааааааааааааааааааааааааааааааааааа51;1
417;Name901;23-6-2020;ааааааааааааааааааааааааааааааааааааааааааааааа49;4
545;Name902;3-9-2017;ааааааааааааааааааааааааааааааааааааааааааааааааа51;1
917;Name903;12-7-2014;ааааааааааааааааааааааааааааааааааааааааааааааа49;
716;Name904;4-7-2016;ааааааааааааааааааааааааааааааааааааааааааааааа49;0
757;Name905;16-3-2014;ааааааааааааааааааааааааааааааааааааааааааааааааа51;0
30;Name906;19-11-2007;аааааааааааааааааааааааааааааааааааааааааааааааа50;3
392;Name907;21-6-2014;аааааааааааааааааааааааааааааааааааааааааааааааа50;2
983;Name908;23-10-2017;ааааааааааааааааааааааааааааааааааааааааааааааа49;6
995;Name909;17-9-2009;ааааааааааааааааааааааааааааааааааааааааааааааа49;1
507;Name910;3-3-2009;ааааааааааааааааааааааааааааааааааааааааааааааааа51;2
871;Name911;20-7-2012;аааааааааааааааааааааааааааааааааааааааааааааааа50;0
862;Name912;12-7-2020;ааааааааааааааааааааааааааааааааааааааааааааааа49;6
103;Name913;19-5-2008;ааааааааааааааааааааааааааааааааааааааааааааааа49;9
754;Name914;14-10-2016;ааааааааааааааааааааааааааааааааааааааааааааааааа51;5
579;Name915;8-6-2017;ааааааааааааааааааааааааааааааааааааааааааааааа49;0
84;Name916;14-5-2015;аааааааааааааааааааааааааааааааааааааааааааааааа50;4
23;Name917;21-8-2012;аааааааааааааааааааааааааааааааааааааааааааааааа50;5
168;Name918;14-10-2017;ааааааааааааааааааааааааааааааааааааааааааааааа49;5
174;Name919;7-2-2005;ааааааааааааааааааааааааааааааааааааааааааааааа49;6
242;Name920;11-7-2009;аааааааааааааааааааааааааааааааааааааааааааааааа50;1
4;Name921;7-11-2006;ааааааааааааааааааааааааааааааааааааааааааааааааа51;5
636;Name922;19-7-2013;ааааааааааааааааааааааааааааааааааааааааааааааа49;2
550;Name923;13-7-2005;ааааааааааааааааааааааааааааааааааааааааааааааа49;5
227;Name924;18-4-2018;ааааааааааааааааааааааааааааааааааааааааааааааааа51;8
839;Name925;7-11-2011;ааааааааааааааааааааааааааааааааааааааааааааааа49;4
506;Name926;1-9-2019;ааааааааааааааааааааааааааааааааааааааааааааааааа51;2
294;Name927;2-2-2012;ааааааааааааааааааааааааааааааааааааааааааааааааа51;7
2;Name928;17-1-2013;аааааааааааааааааааааааааааааааааааааааааааааааа50;
79;Name929;13-10-2008;ааааааааааааааааааааааааааааааааааааааааааааааа49;8
738;Name930;17-2-2006;ааааааааааааааааааааааааааааааааааааааааааааааааа51;5
958;Name931;3-3-2013;ааааааааааааааааааааааааааааааааааааааааааааааа49;5
976;Name932;5-8-2019;аааааааааааааааааааааааааааааааааааааааааааааааа50;0
477;Name933;20-1-2011;аааааааааааааааааааааааааааааааааааааааааааааааа50;2
623;Name934;17-7-2017;аааааааааааааааааааааааааааааааааааааааааааааааа50;9
584;Name935;1-6-2005;ааааааааааааааааааааааааааааааааааааааааааааааааа51;4
458;Name936;15-5-2010;ааааааааааааааааааааааааааааааааааааааааааааааа49;
250;Name937;9-5-2014;аааааааааааааааааааааааааааааааааааааааааааааааа50;1
640;Name938;25-10-2011;аааааааааааааааааааааааааааааааааааааааааааааааа50;1
127;Name939;11-4-2009;ааааааааааааааааааааааааааааааааааааааааааааааааа51;9
899;Name940;5-8-2018;аааааааааааааааааааааааааааааааааааааааааааааааа50;8
903;Name941;9-2-2007;ааааааааааааааааааааааааааааааааааааааааааааааа49;2
344;Name942;18-11-2018;аааааааааааааааааааааааааааааааааааааааааааааааа50;3
710;Name943;27-9-2008;аааааааааааааааааааааааааааааааааааааааааааааааа50;4
932;Name944;6-1-2006;ааааааааааааааааааааааааааааааааааааааааааааааааа51;9
705;Name945;9-1-2012;ааааааааааааааааааааааааааааааааааааааааааааааа49;3
355;Name946;26-9-2005;ааааааааааааааааааааааааааааааааааааааааааааааа49;3
880;Name947;4-2-2019;ааааааааааааааааааааааааааааааааааааааааааааааааа51;7
413;Name948;19-5-2017;ааааааааааааааааааааааааааааааааааааааааааааааааа51;9
72;Name949;3-5-2012;ааааааааааааааааааааааааааааааааааааааааааааааааа51;1
829;Name950;19-3-2014;ааааааааааааааааааааааааааааааааааааааааааааааааа51;8
266;Name951;27-8-2006;ааааааааааааааааааааааааааааааааааааааааааааааа49;3
968;Name952;11-6-2011;ааааааааааааааааааааааааааааааааааааааааааааааа49;
423;Name953;9-3-2011;ааааааааааааааааааааааааааааааааааааааааааааааааа51;0
4;Name954;8-8-2017;ааааааааааааааааааааааааааааааааааааааааааааааааа51;8
326;Name955;8-1-2009;ааааааааааааааааааааааааааааааааааааааааааааааааа51;4
753;Name956;26-10-2016;аааааааааааааааааааааааааааааааааааааааааааааааа50;6
297;Name957;26-9-2014;ааааааааааааааааааааааааааааааааааааааааааааааа49;0
679;Name958;5-10-2014;ааааааааааааааааааааааааааааааааааааааааааааааааа51;4
88;Name959;3-10-2010;ааааааааааааааааааааааааааааааааааааааааааааааа49;9
430;Name960;6-9-2014;аааааааааааааааааааааааааааааааааааааааааааааааа50;3
764;Name961;19-3-2010;ааааааааааааааааааааааааааааааааааааааааааааааа49;2
737;Name962;23-1-2019;ааааааааааааааааааааааааааааааааааааааааааааааааа51;4
67;Name963;13-3-2006;аааааааааааааааааааааааааааааааааааааааааааааааа50;0
569;Name964;20-9-2015;ааааааааааааааааааааааааааааааааааааааааааааааааа51;5
441;Name965;5-6-2018;аааааааааааааааааааааааааааааааааааааааааааааааа50;9
55;Name966;11-5-2016;ааааааааааааааааааааааааааааааааааааааааааааааа49;4
754;Name967;12-7-2012;ааааааааааааааааааааааааааааааааааааааааааааааааа51;3
975;Name968;15-1-2017;ааааааааааааааааааааааааааааааааааааааааааааааа49;9
634;Name969;16-8-2007;аааааааааааааааааааааааааааааааааааааааааааааааа50;6
418;Name970;4-5-2008;аааааааааааааааааааааааааааааааааааааааааааааааа50;6
370;Name971;24-2-2010;аааааааааааааааааааааааааааааааааааааааааааааааа50;6
654;Name972;1-8-2018;ааааааааааааааааааааааааааааааааааааааааааааааа49;
422;Name973;5-6-2019;ааааааааааааааааааааааааааааааааааааааааааааааааа51;4
293;Name974;13-10-2017;аааааааааааааааааааааааааааааааааааааааааааааааа50;
781;Name975;17-4-2014;ааааааааааааааааааааааааааааааааааааааааааааааааа51;
411;Name976;19-1-2018;аааааааааааааааааааааааааааааааааааааааааааааааа50;2
707;Name977;13-7-2008;ааааааааааааааааааааааааааааааааааааааааааааааааа51;3
552;Name978;10-8-2016;ааааааааааааааааааааааааааааааааааааааааааааааа49;2
761;Name979;21-3-2007;ааааааааааааааааааааааааааааааааааааааааааааааааа51;8
301;Name980;5-6-2008;ааааааааааааааааааааааааааааааааааааааааааааааааа51;5
533;Name981;1-2-2016;аааааааааааааааааааааааааааааааааааааааааааааааа50;4
528;Name982;20-1-2019;аааааааааааааааааааааааааааааааааааааааааааааааа50;3
6;Name983;14-2-2011;ааааааааааааааааааааааааааааааааааааааааааааааа49;7
424;Name984;24-6-2005;аааааааааааааааааааааааааааааааааааааааааааааааа50;1
217;Name985;2-7-2014;ааааааааааааааааааааааааааааааааааааааааааааааааа51;5
977;Name986;11-1-2015;ааааааааааааааааааааааааааааааааааааааааааааааа49;8
572;Name987;18-11-2008;аааааааааааааааааааааааааааааааааааааааааааааааа50;6
785;Name988;1-3-2015;ааааааааааааааааааааааааааааааааааааааааааааааа49;9
78;Name989;27-7-2016;ааааааааааааааааааааааааааааааааааааааааааааааа49;4
825;Name990;27-6-2019;ааааааааааааааааааааааааааааааааааааааааааааааааа51;5
662;Name991;11-10-2020;аааааааааааааааааааааааааааааааааааааааааааааааа50;2
198;Name992;23-9-2012;аааааааааааааааааааааааааааааааааааааааааааааааа50;2
817;Name993;4-8-2007;ааааааааааааааааааааааааааааааааааааааааааааааа49;6
802;Name994;18-11-2017;аааааааааааааааааааааааааааааааааааааааааааааааа50;2
920;Name995;25-5-2010;аааааааааааааааааааааааааааааааааааааааааааааааа50;7
481;Name996;13-9-2012;аааааааааааааааааааааааааааааааааааааааааааааааа50;8
830;Name997;3-8-2015;ааааааааааааааааааааааааааааааааааааааааааааааааа51;2
303;Name998;4-10-2006;аааааааааааааааааааааааааааааааааааааааааааааааа50;2
651;Name999;11-1-2010;ааааааааааааааааааааааааааааааааааааааааааааааа49;7
398;Name1000;14-6-2014;аааааааааааааааааааааааааааааааааааааааааааааааа50;9
